<?xml version="1.0" encoding="UTF-8"?><_ROOT_ EMVERSION="15.2" ORIENTATION="HORIZONTAL">
<Workspace>
<NODES>
<NODE CLASS="SASHELP.EMCORE.EXTENSION.CLASS" COMPONENT="Boost" ID="Boost" X="777" Y="694" DESCRIPTION="Gradient Boosting" DIAGRAMID="_ROOT_" PARENTID="" TOOLTYPE="MODEL" TOOLPREFIX="Boost">
<PROPERTIES Location="CATALOG" Catalog="SASHELP.EMMODL.BOOST.SOURCE" ToolType="MODEL" Iterations="50" CategoricalBins="30" IntervalBins="100" TrainProportion="60" Seed="12345" Shrinkage="0.1" LeafFraction="0.001" SplitSize="." MinCatSize="5" MaxBranch="2" MaxDepth="2" NSurrs="0" Missing="USEINSEARCH" Huber="NO" ReUseVar="1" AssessMeasure="PROFIT" NodeSize="20000" Exhaustive="5000" VarSelection="Y" Performance="DISK" SubSeries="BEST" IterationNum="1" ObsImportance="N" NumSingleImp="5" CreateHStat="N" ForceRun="N" RunAction="Train" Component="Boost" Precision="0" Measure="PROFIT" NumPairImp="0" DataNeeded="Y">
<VariableProperties/>
<EmVariableAttributes/>
<EmTargetAttributes>
<Heart_Disease>
<DecData Table="EMWS1.Boost_Heart_Disease_DD">
<Data>
<Obs HEART_DISEASE="YES" COUNT="17479" DATAPRIOR="0.5" TRAINPRIOR="0.5" DECPRIOR="." DECISION1="1" DECISION2="0"/>
<Obs HEART_DISEASE="NO" COUNT="17479" DATAPRIOR="0.5" TRAINPRIOR="0.5" DECPRIOR="." DECISION1="0" DECISION2="1"/>
</Data>
<Metadata>
<Variable NAME="Heart_Disease" LABEL="" LENGTH="32" FORMAT="" TYPE="C"/>
<Variable NAME="COUNT" LABEL="Level Counts" LENGTH="8" FORMAT="10." TYPE="N"/>
<Variable NAME="DATAPRIOR" LABEL="Data Proportions" LENGTH="8" FORMAT="" TYPE="N"/>
<Variable NAME="TRAINPRIOR" LABEL="Training Proportions" LENGTH="8" FORMAT="" TYPE="N"/>
<Variable NAME="DECPRIOR" LABEL="Decision Priors" LENGTH="8" FORMAT="" TYPE="N"/>
<Variable NAME="DECISION1" LABEL="YES" LENGTH="8" FORMAT="" TYPE="N"/>
<Variable NAME="DECISION2" LABEL="NO" LENGTH="8" FORMAT="" TYPE="N"/>
</Metadata>
</DecData>
<DecMeta Table="EMWS1.Boost_Heart_Disease_DM">
<Data>
<Obs _TYPE_="MATRIX" VARIABLE="" LABEL="" LEVEL="PROFIT" EVENT="" ORDER="" FORMAT="" TYPE="" COST="" USE="N"/>
<Obs _TYPE_="TARGET" VARIABLE="Heart_Disease" LABEL="" LEVEL="BINARY" EVENT="YES" ORDER="" FORMAT="$3." TYPE="C" COST="" USE=""/>
<Obs _TYPE_="DECISION" VARIABLE="DECISION1" LABEL="YES" LEVEL="" EVENT="" ORDER="" FORMAT="" TYPE="N" COST="" USE="Y"/>
<Obs _TYPE_="DECISION" VARIABLE="DECISION2" LABEL="NO" LEVEL="" EVENT="" ORDER="" FORMAT="" TYPE="N" COST="" USE="Y"/>
<Obs _TYPE_="DATAPRIOR" VARIABLE="DATAPRIOR" LABEL="Data Prior" LEVEL="" EVENT="" ORDER="" FORMAT="" TYPE="N" COST="" USE="N"/>
<Obs _TYPE_="TRAINPRIOR" VARIABLE="TRAINPRIOR" LABEL="Training Prior" LEVEL="" EVENT="" ORDER="" FORMAT="" TYPE="N" COST="" USE="N"/>
<Obs _TYPE_="DECPRIOR" VARIABLE="DECPRIOR" LABEL="Decision Prior" LEVEL="" EVENT="" ORDER="" FORMAT="" TYPE="N" COST="" USE="N"/>
<Obs _TYPE_="PREDICTED" VARIABLE="P_Heart_DiseaseYes" LABEL="Predicted: Heart_Disease=Yes" LEVEL="YES" EVENT="" ORDER="" FORMAT="" TYPE="N" COST="" USE=""/>
<Obs _TYPE_="RESIDUAL" VARIABLE="R_Heart_DiseaseYes" LABEL="Residual: Heart_Disease=Yes" LEVEL="YES" EVENT="" ORDER="" FORMAT="" TYPE="N" COST="" USE=""/>
<Obs _TYPE_="PREDICTED" VARIABLE="P_Heart_DiseaseNo" LABEL="Predicted: Heart_Disease=No" LEVEL="NO" EVENT="" ORDER="" FORMAT="" TYPE="N" COST="" USE=""/>
<Obs _TYPE_="RESIDUAL" VARIABLE="R_Heart_DiseaseNo" LABEL="Residual: Heart_Disease=No" LEVEL="NO" EVENT="" ORDER="" FORMAT="" TYPE="N" COST="" USE=""/>
<Obs _TYPE_="FROM" VARIABLE="F_Heart_Disease" LABEL="From: Heart_Disease" LEVEL="" EVENT="" ORDER="" FORMAT="" TYPE="C" COST="" USE=""/>
<Obs _TYPE_="INTO" VARIABLE="I_Heart_Disease" LABEL="Into: Heart_Disease" LEVEL="" EVENT="" ORDER="" FORMAT="" TYPE="C" COST="" USE=""/>
</Data>
<Metadata>
<Variable NAME="_TYPE_" LABEL="Type" LENGTH="32" FORMAT="" TYPE="C"/>
<Variable NAME="VARIABLE" LABEL="Variable" LENGTH="32" FORMAT="" TYPE="C"/>
<Variable NAME="LABEL" LABEL="Label" LENGTH="256" FORMAT="" TYPE="C"/>
<Variable NAME="LEVEL" LABEL="Measurement Level" LENGTH="32" FORMAT="" TYPE="C"/>
<Variable NAME="EVENT" LABEL="Target Event" LENGTH="32" FORMAT="" TYPE="C"/>
<Variable NAME="ORDER" LABEL="Order" LENGTH="10" FORMAT="" TYPE="C"/>
<Variable NAME="FORMAT" LABEL="Format" LENGTH="32" FORMAT="" TYPE="C"/>
<Variable NAME="TYPE" LABEL="Type" LENGTH="1" FORMAT="" TYPE="C"/>
<Variable NAME="COST" LABEL="Cost" LENGTH="32" FORMAT="" TYPE="C"/>
<Variable NAME="USE" LABEL="Use" LENGTH="1" FORMAT="" TYPE="C"/>
</Metadata>
</DecMeta>
</Heart_Disease>
</EmTargetAttributes>
<EmFileProperties>
<USERTRAINCODE Type="EXTERNAL" Extension="sas">
<Data/>
</USERTRAINCODE>
<EMNOTES Type="EXTERNAL" Extension="txt">
<Data/>
</EMNOTES>
</EmFileProperties>
</PROPERTIES>
</NODE>
<NODE CLASS="SASHELP.EMMDFY.EMDROP.CLASS" COMPONENT="Drop" ID="Drop" X="588" Y="292" DESCRIPTION="Drop" DIAGRAMID="_ROOT_" PARENTID="" TOOLTYPE="MODIFY" TOOLPREFIX="Drop">
<PROPERTIES DropFromTable="N" DropHidden="Y" DropInput="N" DropTarget="N" DropRejected="Y" DropAssess="N" DropPredict="N" DropFreq="N" DropClassification="N" DropResidual="N" DropOther="N" ForceRun="N" RunAction="Train" Component="Drop">
<VariableProperties/>
<EmVariableAttributes>
<DELTA Variable="Depression" AttributeName="DROP" AttributeValue="Y"/>
<DELTA Variable="FriedPotato_Consumption" AttributeName="DROP" AttributeValue="Y"/>
<DELTA Variable="Fruit_Consumption" AttributeName="DROP" AttributeValue="Y"/>
<DELTA Variable="Green_Vegetables_Consumption" AttributeName="DROP" AttributeValue="Y"/>
<DELTA Variable="Other_Cancer" AttributeName="DROP" AttributeValue="Y"/>
<DELTA Variable="REP_BMI" AttributeName="DROP" AttributeValue="Y"/>
<DELTA Variable="REP_Weight__kg_" AttributeName="DROP" AttributeValue="Y"/>
<DELTA Variable="Sex" AttributeName="DROP" AttributeValue="Y"/>
</EmVariableAttributes>
<EmTargetAttributes/>
<EmFileProperties>
<EMNOTES Type="EXTERNAL" Extension="txt">
<Data/>
</EMNOTES>
</EmFileProperties>
</PROPERTIES>
</NODE>
<NODE CLASS="SASHELP.EMCORE.EXTENSION.CLASS" COMPONENT="FileImport" ID="FIMPORT" X="233" Y="215" DESCRIPTION="File Import" DIAGRAMID="_ROOT_" PARENTID="" TOOLTYPE="SAMPLE" TOOLPREFIX="FIMPORT">
<PROPERTIES Location="CATALOG" Catalog="SASHELP.EMSAMP.Fimport.SOURCE" ImportType="Local" GuessRows="500" Delimiter="," NameRow="Y" SkipRows="0" MaxRows="1000000" MaxCols="10000" FileType="csv" Role="TRAIN" ForceRun="N" Summarize="N" AdvancedAdvisor="N" RunAction="Train" Component="FileImport" IFileName="C:\Users\saman\OneDrive - Asia Pacific University\Y2S2\DATA MINING\archive\CVD_cleaned.csv" AccessTable="NoTableName" UserID="NoUserID" Password="NoPassword">
<VariableProperties/>
<EmVariableAttributes>
<DELTA Variable="Age_Category" AttributeName="LEVEL" AttributeValue="ORDINAL"/>
<DELTA Variable="Alcohol_Consumption" AttributeName="LEVEL" AttributeValue="NOMINAL"/>
<DELTA Variable="Arthritis" AttributeName="LEVEL" AttributeValue="BINARY"/>
<DELTA Variable="Checkup" AttributeName="LEVEL" AttributeValue="ORDINAL"/>
<DELTA Variable="Depression" AttributeName="LEVEL" AttributeValue="BINARY"/>
<DELTA Variable="Exercise" AttributeName="LEVEL" AttributeValue="BINARY"/>
<DELTA Variable="FriedPotato_Consumption" AttributeName="LEVEL" AttributeValue="NOMINAL"/>
<DELTA Variable="Fruit_Consumption" AttributeName="LEVEL" AttributeValue="NOMINAL"/>
<DELTA Variable="General_Health" AttributeName="LEVEL" AttributeValue="ORDINAL"/>
<DELTA Variable="Green_Vegetables_Consumption" AttributeName="LEVEL" AttributeValue="NOMINAL"/>
<DELTA Variable="Heart_Disease" AttributeName="ROLE" AttributeValue="TARGET"/>
<DELTA Variable="Heart_Disease" AttributeName="LEVEL" AttributeValue="BINARY"/>
<DELTA Variable="Height__cm_" AttributeName="ROLE" AttributeValue="REJECTED"/>
<DELTA Variable="Other_Cancer" AttributeName="LEVEL" AttributeValue="BINARY"/>
<DELTA Variable="Skin_Cancer" AttributeName="ROLE" AttributeValue="REJECTED"/>
<DELTA Variable="Skin_Cancer" AttributeName="LEVEL" AttributeValue="BINARY"/>
<DELTA Variable="Smoking_History" AttributeName="LEVEL" AttributeValue="BINARY"/>
</EmVariableAttributes>
<EmTargetAttributes/>
<EmFileProperties>
<USERTRAINCODE Type="EXTERNAL" Extension="sas">
<Data/>
</USERTRAINCODE>
<VARIABLESETDELTA Type="EXTERNAL" Extension="txt">
<Data><![CDATA[
if NAME=&quot;Age_Category&quot; then do;
ROLE=&quot;INPUT&quot;;
LEVEL=&quot;ORDINAL&quot;;
ORDER=&quot;&quot;;
DROP=&quot;N&quot;;
end;
if NAME=&quot;Alcohol_Consumption&quot; then do;
ROLE=&quot;INPUT&quot;;
LEVEL=&quot;NOMINAL&quot;;
ORDER=&quot;&quot;;
DROP=&quot;N&quot;;
end;
if NAME=&quot;Arthritis&quot; then do;
ROLE=&quot;INPUT&quot;;
LEVEL=&quot;BINARY&quot;;
ORDER=&quot;&quot;;
DROP=&quot;N&quot;;
end;
if NAME=&quot;Checkup&quot; then do;
ROLE=&quot;INPUT&quot;;
LEVEL=&quot;ORDINAL&quot;;
ORDER=&quot;&quot;;
DROP=&quot;N&quot;;
end;
if NAME=&quot;Depression&quot; then do;
ROLE=&quot;INPUT&quot;;
LEVEL=&quot;BINARY&quot;;
ORDER=&quot;&quot;;
DROP=&quot;N&quot;;
end;
if NAME=&quot;Exercise&quot; then do;
ROLE=&quot;INPUT&quot;;
LEVEL=&quot;BINARY&quot;;
ORDER=&quot;&quot;;
DROP=&quot;N&quot;;
end;
if NAME=&quot;FriedPotato_Consumption&quot; then do;
ROLE=&quot;INPUT&quot;;
LEVEL=&quot;NOMINAL&quot;;
ORDER=&quot;&quot;;
DROP=&quot;N&quot;;
end;
if NAME=&quot;Fruit_Consumption&quot; then do;
ROLE=&quot;INPUT&quot;;
LEVEL=&quot;NOMINAL&quot;;
ORDER=&quot;&quot;;
DROP=&quot;N&quot;;
end;
if NAME=&quot;General_Health&quot; then do;
ROLE=&quot;INPUT&quot;;
LEVEL=&quot;ORDINAL&quot;;
ORDER=&quot;&quot;;
DROP=&quot;N&quot;;
end;
if NAME=&quot;Green_Vegetables_Consumption&quot; then do;
ROLE=&quot;INPUT&quot;;
LEVEL=&quot;NOMINAL&quot;;
ORDER=&quot;&quot;;
DROP=&quot;N&quot;;
end;
if NAME=&quot;Heart_Disease&quot; then do;
ROLE=&quot;TARGET&quot;;
LEVEL=&quot;BINARY&quot;;
ORDER=&quot;&quot;;
DROP=&quot;N&quot;;
end;
if NAME=&quot;Height__cm_&quot; then do;
ROLE=&quot;REJECTED&quot;;
LEVEL=&quot;INTERVAL&quot;;
ORDER=&quot;&quot;;
DROP=&quot;N&quot;;
end;
if NAME=&quot;Other_Cancer&quot; then do;
ROLE=&quot;INPUT&quot;;
LEVEL=&quot;BINARY&quot;;
ORDER=&quot;&quot;;
DROP=&quot;N&quot;;
end;
if NAME=&quot;Skin_Cancer&quot; then do;
ROLE=&quot;REJECTED&quot;;
LEVEL=&quot;BINARY&quot;;
ORDER=&quot;&quot;;
DROP=&quot;N&quot;;
end;
if NAME=&quot;Smoking_History&quot; then do;
ROLE=&quot;INPUT&quot;;
LEVEL=&quot;BINARY&quot;;
ORDER=&quot;&quot;;
DROP=&quot;N&quot;;
end;
]]>
</Data>
</VARIABLESETDELTA>
<DELTACODE Type="EXTERNAL" Extension="txt">
<Data><![CDATA[
if NAME=&quot;Age_Category&quot; then do;
ROLE=&quot;INPUT&quot;;
LEVEL=&quot;ORDINAL&quot;;
ORDER=&quot;&quot;;
end;
if NAME=&quot;Alcohol_Consumption&quot; then do;
ROLE=&quot;INPUT&quot;;
LEVEL=&quot;NOMINAL&quot;;
ORDER=&quot;&quot;;
end;
if NAME=&quot;Arthritis&quot; then do;
ROLE=&quot;INPUT&quot;;
LEVEL=&quot;BINARY&quot;;
ORDER=&quot;&quot;;
end;
if NAME=&quot;Checkup&quot; then do;
ROLE=&quot;INPUT&quot;;
LEVEL=&quot;ORDINAL&quot;;
ORDER=&quot;&quot;;
end;
if NAME=&quot;Depression&quot; then do;
ROLE=&quot;INPUT&quot;;
LEVEL=&quot;BINARY&quot;;
ORDER=&quot;&quot;;
end;
if NAME=&quot;Exercise&quot; then do;
ROLE=&quot;INPUT&quot;;
LEVEL=&quot;BINARY&quot;;
ORDER=&quot;&quot;;
end;
if NAME=&quot;FriedPotato_Consumption&quot; then do;
ROLE=&quot;INPUT&quot;;
LEVEL=&quot;NOMINAL&quot;;
ORDER=&quot;&quot;;
end;
if NAME=&quot;Fruit_Consumption&quot; then do;
ROLE=&quot;INPUT&quot;;
LEVEL=&quot;NOMINAL&quot;;
ORDER=&quot;&quot;;
end;
if NAME=&quot;General_Health&quot; then do;
ROLE=&quot;INPUT&quot;;
LEVEL=&quot;ORDINAL&quot;;
ORDER=&quot;&quot;;
end;
if NAME=&quot;Green_Vegetables_Consumption&quot; then do;
ROLE=&quot;INPUT&quot;;
LEVEL=&quot;NOMINAL&quot;;
ORDER=&quot;&quot;;
end;
if NAME=&quot;Heart_Disease&quot; then do;
ROLE=&quot;TARGET&quot;;
LEVEL=&quot;BINARY&quot;;
ORDER=&quot;&quot;;
end;
if NAME=&quot;Height__cm_&quot; then do;
ROLE=&quot;REJECTED&quot;;
LEVEL=&quot;INTERVAL&quot;;
ORDER=&quot;&quot;;
end;
if NAME=&quot;Other_Cancer&quot; then do;
ROLE=&quot;INPUT&quot;;
LEVEL=&quot;BINARY&quot;;
ORDER=&quot;&quot;;
end;
if NAME=&quot;Skin_Cancer&quot; then do;
ROLE=&quot;REJECTED&quot;;
LEVEL=&quot;BINARY&quot;;
ORDER=&quot;&quot;;
end;
if NAME=&quot;Smoking_History&quot; then do;
ROLE=&quot;INPUT&quot;;
LEVEL=&quot;BINARY&quot;;
ORDER=&quot;&quot;;
end;
drop DROP;
]]>
</Data>
</DELTACODE>
<EMNOTES Type="EXTERNAL" Extension="txt">
<Data/>
</EMNOTES>
</EmFileProperties>
</PROPERTIES>
</NODE>
<NODE CLASS="SASHELP.EMCORE.EXTENSION.CLASS" COMPONENT="GraphExplore" ID="GrfExpl" X="406" Y="126" DESCRIPTION="Graph Explore" DIAGRAMID="_ROOT_" PARENTID="" TOOLTYPE="EXPLORE" TOOLPREFIX="GrfExpl">
<PROPERTIES Location="CATALOG" Catalog="SASHELP.EMEXPL.GRAPHEXPLORE.SOURCE" EmSampleMethod="FIRSTN" EmSampleSize="MAX" EmRandomSeed="12345" Target="Y" GroupByTarget="Y" ForceRun="N" RunAction="Train" Component="GraphExplore" DataSource="SAMPLE" DataNeeded="Y">
<VariableProperties/>
<EmVariableAttributes/>
<EmTargetAttributes/>
<EmFileProperties>
<USERTRAINCODE Type="EXTERNAL" Extension="sas">
<Data/>
</USERTRAINCODE>
<EMNOTES Type="EXTERNAL" Extension="txt">
<Data/>
</EMNOTES>
</EmFileProperties>
</PROPERTIES>
</NODE>
<NODE CLASS="SASHELP.EMCORE.EXTENSION.CLASS" COMPONENT="HPDMForest" ID="HPDMForest" X="781" Y="774" DESCRIPTION="HP Forest" DIAGRAMID="_ROOT_" PARENTID="" TOOLTYPE="MODEL" TOOLPREFIX="HPDMForest">
<PROPERTIES Location="CATALOG" Catalog="SASHELP.HPDM.HPDMFOREST.SOURCE" ToolType="MODEL" ALPHA="0.05" CATBINS="30" EXHAUSTIVE="5000" LEAFSIZEMETHOD="DEFAULT" LEAFFRACTION="0.00001" LEAFSIZE="1" MAXDEPTH="50" MAXTREES="100" MINCATSIZE="5" SEED="12345" SPLITSIZE="." NUMOBSMETHOD="PERCENTAGE" TRAINFRACTION="0.6" TRAINN="." VARS_TO_TRY="." MISSING="USEINSEARCH" MINUSEINSEARCH="1" MODELING="Y" VARSELECT="Y" VIMETHOD="LOSSREDUCTION" RBATOPNUM="25" RBACUT="0.01" ForceRun="N" RunAction="Train" Component="HPDMForest">
<VariableProperties/>
<EmVariableAttributes/>
<EmTargetAttributes>
<Heart_Disease>
<DecData Table="EMWS1.HPDMForest_Heart_Disease_DD">
<Data>
<Obs HEART_DISEASE="YES" COUNT="17479" DATAPRIOR="0.5" TRAINPRIOR="0.5" DECPRIOR="." DECISION1="1" DECISION2="0"/>
<Obs HEART_DISEASE="NO" COUNT="17479" DATAPRIOR="0.5" TRAINPRIOR="0.5" DECPRIOR="." DECISION1="0" DECISION2="1"/>
</Data>
<Metadata>
<Variable NAME="Heart_Disease" LABEL="" LENGTH="32" FORMAT="" TYPE="C"/>
<Variable NAME="COUNT" LABEL="Level Counts" LENGTH="8" FORMAT="10." TYPE="N"/>
<Variable NAME="DATAPRIOR" LABEL="Data Proportions" LENGTH="8" FORMAT="" TYPE="N"/>
<Variable NAME="TRAINPRIOR" LABEL="Training Proportions" LENGTH="8" FORMAT="" TYPE="N"/>
<Variable NAME="DECPRIOR" LABEL="Decision Priors" LENGTH="8" FORMAT="" TYPE="N"/>
<Variable NAME="DECISION1" LABEL="YES" LENGTH="8" FORMAT="" TYPE="N"/>
<Variable NAME="DECISION2" LABEL="NO" LENGTH="8" FORMAT="" TYPE="N"/>
</Metadata>
</DecData>
<DecMeta Table="EMWS1.HPDMForest_Heart_Disease_DM">
<Data>
<Obs _TYPE_="MATRIX" VARIABLE="" LABEL="" LEVEL="PROFIT" EVENT="" ORDER="" FORMAT="" TYPE="" COST="" USE="N"/>
<Obs _TYPE_="TARGET" VARIABLE="Heart_Disease" LABEL="" LEVEL="BINARY" EVENT="YES" ORDER="" FORMAT="$3." TYPE="C" COST="" USE=""/>
<Obs _TYPE_="DECISION" VARIABLE="DECISION1" LABEL="YES" LEVEL="" EVENT="" ORDER="" FORMAT="" TYPE="N" COST="" USE="Y"/>
<Obs _TYPE_="DECISION" VARIABLE="DECISION2" LABEL="NO" LEVEL="" EVENT="" ORDER="" FORMAT="" TYPE="N" COST="" USE="Y"/>
<Obs _TYPE_="DATAPRIOR" VARIABLE="DATAPRIOR" LABEL="Data Prior" LEVEL="" EVENT="" ORDER="" FORMAT="" TYPE="N" COST="" USE="N"/>
<Obs _TYPE_="TRAINPRIOR" VARIABLE="TRAINPRIOR" LABEL="Training Prior" LEVEL="" EVENT="" ORDER="" FORMAT="" TYPE="N" COST="" USE="N"/>
<Obs _TYPE_="DECPRIOR" VARIABLE="DECPRIOR" LABEL="Decision Prior" LEVEL="" EVENT="" ORDER="" FORMAT="" TYPE="N" COST="" USE="N"/>
<Obs _TYPE_="PREDICTED" VARIABLE="P_Heart_DiseaseYes" LABEL="Predicted: Heart_Disease=Yes" LEVEL="YES" EVENT="" ORDER="" FORMAT="" TYPE="N" COST="" USE=""/>
<Obs _TYPE_="RESIDUAL" VARIABLE="R_Heart_DiseaseYes" LABEL="Residual: Heart_Disease=Yes" LEVEL="YES" EVENT="" ORDER="" FORMAT="" TYPE="N" COST="" USE=""/>
<Obs _TYPE_="PREDICTED" VARIABLE="P_Heart_DiseaseNo" LABEL="Predicted: Heart_Disease=No" LEVEL="NO" EVENT="" ORDER="" FORMAT="" TYPE="N" COST="" USE=""/>
<Obs _TYPE_="RESIDUAL" VARIABLE="R_Heart_DiseaseNo" LABEL="Residual: Heart_Disease=No" LEVEL="NO" EVENT="" ORDER="" FORMAT="" TYPE="N" COST="" USE=""/>
<Obs _TYPE_="FROM" VARIABLE="F_Heart_Disease" LABEL="From: Heart_Disease" LEVEL="" EVENT="" ORDER="" FORMAT="" TYPE="C" COST="" USE=""/>
<Obs _TYPE_="INTO" VARIABLE="I_Heart_Disease" LABEL="Into: Heart_Disease" LEVEL="" EVENT="" ORDER="" FORMAT="" TYPE="C" COST="" USE=""/>
</Data>
<Metadata>
<Variable NAME="_TYPE_" LABEL="Type" LENGTH="32" FORMAT="" TYPE="C"/>
<Variable NAME="VARIABLE" LABEL="Variable" LENGTH="32" FORMAT="" TYPE="C"/>
<Variable NAME="LABEL" LABEL="Label" LENGTH="256" FORMAT="" TYPE="C"/>
<Variable NAME="LEVEL" LABEL="Measurement Level" LENGTH="32" FORMAT="" TYPE="C"/>
<Variable NAME="EVENT" LABEL="Target Event" LENGTH="32" FORMAT="" TYPE="C"/>
<Variable NAME="ORDER" LABEL="Order" LENGTH="10" FORMAT="" TYPE="C"/>
<Variable NAME="FORMAT" LABEL="Format" LENGTH="32" FORMAT="" TYPE="C"/>
<Variable NAME="TYPE" LABEL="Type" LENGTH="1" FORMAT="" TYPE="C"/>
<Variable NAME="COST" LABEL="Cost" LENGTH="32" FORMAT="" TYPE="C"/>
<Variable NAME="USE" LABEL="Use" LENGTH="1" FORMAT="" TYPE="C"/>
</Metadata>
</DecMeta>
</Heart_Disease>
</EmTargetAttributes>
<EmFileProperties>
<USERTRAINCODE Type="EXTERNAL" Extension="sas">
<Data/>
</USERTRAINCODE>
<EMNOTES Type="EXTERNAL" Extension="txt">
<Data/>
</EMNOTES>
</EmFileProperties>
</PROPERTIES>
</NODE>
<NODE CLASS="SASHELP.EMCORE.EXTENSION.CLASS" COMPONENT="HPDMNeural" ID="HPNNA" X="1159" Y="290" DESCRIPTION="HP Neural (2 layer)" DIAGRAMID="_ROOT_" PARENTID="" TOOLTYPE="MODEL" TOOLPREFIX="HPNNA">
<PROPERTIES Location="CATALOG" Catalog="SASHELP.HPDM.HPDMNEURAL.SOURCE" ToolType="MODEL" InputStd="RANGE" HIDDEN="3" HIDDENLAYERS="2" ARCHITECTURE="USERDEFINED" DIRECTCONN="N" TargetStd="RANGE" TargetActivation="IDENTITY" TargetError="NORMAL" OPTMETHOD="LBFGS" NUMTRIES="2" MAXITER="1000" USEVALID="N" USEINVERSE="N" MISSASLVL="N" MAXLINKS="1000" ForceRun="N" RunAction="Train" Component="HPDMNeural" TableEditor="">
<VariableProperties/>
<EmVariableAttributes/>
<EmTargetAttributes/>
<EmFileProperties>
<USERTRAINCODE Type="EXTERNAL" Extension="sas">
<Data/>
</USERTRAINCODE>
<HIDDENOPTIONS Type="DATA">
<Data>
<Obs _OBSID_="1" LAYER="1" ACTFUNC="TANH" NEURONS="6"/>
<Obs _OBSID_="2" LAYER="2" ACTFUNC="TANH" NEURONS="3"/>
</Data>
<Metadata>
<Variable NAME="_OBSID_" LABEL="ObsID" LENGTH="8" FORMAT="" TYPE="N"/>
<Variable NAME="Layer" LABEL="Layer" LENGTH="4" FORMAT="" TYPE="N"/>
<Variable NAME="ActFunc" LABEL="Activation Function" LENGTH="8" FORMAT="" TYPE="C"/>
<Variable NAME="Neurons" LABEL="Number of Neurons" LENGTH="4" FORMAT="" TYPE="N"/>
</Metadata>
</HIDDENOPTIONS>
<EMNOTES Type="EXTERNAL" Extension="txt">
<Data/>
</EMNOTES>
</EmFileProperties>
</PROPERTIES>
</NODE>
<NODE CLASS="SASHELP.EMCORE.EXTENSION.CLASS" COMPONENT="HPTree" ID="HPTree" X="780" Y="613" DESCRIPTION="HP Tree" DIAGRAMID="_ROOT_" PARENTID="" TOOLTYPE="MODEL" TOOLPREFIX="HPTree">
<PROPERTIES Location="CATALOG" Catalog="SASHELP.HPDM.HPDMTREE.SOURCE" ToolType="MODEL" ALPHA="0.2" CVFOLDS="10" MINDIST="0.01" CONFIDENCE="0.25" VALIDATIONPROB="0.15" PARTITIONSEED="12345" CVSEED="12345" MAXDEPTH="10" INTERVALBINS="100" HLEAFSIZE="5" CRITERIONMETHOD="ENTROPY" ICRITERIONMETHOD="VARIANCE" UseVarOnce="N" SUBTREEMIN="N" VARSELECT="Y" VALIDATION="N" BONFERRONI="N" NODEROLE="SEGMENT" PRUNINGMETHOD="C45" SELMETHOD="N" PASSESSMENT="ENTROPY" IPASSESSMENT="ASE" PTHRESHOLD="1.0" LIFTFRACT="0.5" NPLEAVES="16" INODECOLOR="AVERAGE" NODECOLOR="ProbEvent" LEVTHRESH1="500000" LEVTHRESH2="1000000" MINCATSIZE="5" MAXBRANCH="2" Nsurrs="0" MissingValue="POPULARITY" MAXLEAVES="1024" DEPTHCONTROL="MAXDEPTHCTRL" MValueMetric="ASE" ForceRun="N" RunAction="Train" Component="HPTree" CCPENALTY="0.8">
<VariableProperties/>
<EmVariableAttributes/>
<EmTargetAttributes>
<Heart_Disease>
<DecData Table="EMWS1.HPTree_Heart_Disease_DD">
<Data>
<Obs HEART_DISEASE="YES" COUNT="17479" DATAPRIOR="0.5" TRAINPRIOR="0.5" DECPRIOR="." DECISION1="1" DECISION2="0"/>
<Obs HEART_DISEASE="NO" COUNT="17479" DATAPRIOR="0.5" TRAINPRIOR="0.5" DECPRIOR="." DECISION1="0" DECISION2="1"/>
</Data>
<Metadata>
<Variable NAME="Heart_Disease" LABEL="" LENGTH="32" FORMAT="" TYPE="C"/>
<Variable NAME="COUNT" LABEL="Level Counts" LENGTH="8" FORMAT="10." TYPE="N"/>
<Variable NAME="DATAPRIOR" LABEL="Data Proportions" LENGTH="8" FORMAT="" TYPE="N"/>
<Variable NAME="TRAINPRIOR" LABEL="Training Proportions" LENGTH="8" FORMAT="" TYPE="N"/>
<Variable NAME="DECPRIOR" LABEL="Decision Priors" LENGTH="8" FORMAT="" TYPE="N"/>
<Variable NAME="DECISION1" LABEL="YES" LENGTH="8" FORMAT="" TYPE="N"/>
<Variable NAME="DECISION2" LABEL="NO" LENGTH="8" FORMAT="" TYPE="N"/>
</Metadata>
</DecData>
<DecMeta Table="EMWS1.HPTree_Heart_Disease_DM">
<Data>
<Obs _TYPE_="MATRIX" VARIABLE="" LABEL="" LEVEL="PROFIT" EVENT="" ORDER="" FORMAT="" TYPE="" COST="" USE="N"/>
<Obs _TYPE_="TARGET" VARIABLE="Heart_Disease" LABEL="" LEVEL="BINARY" EVENT="YES" ORDER="" FORMAT="$3." TYPE="C" COST="" USE=""/>
<Obs _TYPE_="DECISION" VARIABLE="DECISION1" LABEL="YES" LEVEL="" EVENT="" ORDER="" FORMAT="" TYPE="N" COST="" USE="Y"/>
<Obs _TYPE_="DECISION" VARIABLE="DECISION2" LABEL="NO" LEVEL="" EVENT="" ORDER="" FORMAT="" TYPE="N" COST="" USE="Y"/>
<Obs _TYPE_="DATAPRIOR" VARIABLE="DATAPRIOR" LABEL="Data Prior" LEVEL="" EVENT="" ORDER="" FORMAT="" TYPE="N" COST="" USE="N"/>
<Obs _TYPE_="TRAINPRIOR" VARIABLE="TRAINPRIOR" LABEL="Training Prior" LEVEL="" EVENT="" ORDER="" FORMAT="" TYPE="N" COST="" USE="N"/>
<Obs _TYPE_="DECPRIOR" VARIABLE="DECPRIOR" LABEL="Decision Prior" LEVEL="" EVENT="" ORDER="" FORMAT="" TYPE="N" COST="" USE="N"/>
<Obs _TYPE_="PREDICTED" VARIABLE="P_Heart_DiseaseYes" LABEL="Predicted: Heart_Disease=Yes" LEVEL="YES" EVENT="" ORDER="" FORMAT="" TYPE="N" COST="" USE=""/>
<Obs _TYPE_="RESIDUAL" VARIABLE="R_Heart_DiseaseYes" LABEL="Residual: Heart_Disease=Yes" LEVEL="YES" EVENT="" ORDER="" FORMAT="" TYPE="N" COST="" USE=""/>
<Obs _TYPE_="PREDICTED" VARIABLE="P_Heart_DiseaseNo" LABEL="Predicted: Heart_Disease=No" LEVEL="NO" EVENT="" ORDER="" FORMAT="" TYPE="N" COST="" USE=""/>
<Obs _TYPE_="RESIDUAL" VARIABLE="R_Heart_DiseaseNo" LABEL="Residual: Heart_Disease=No" LEVEL="NO" EVENT="" ORDER="" FORMAT="" TYPE="N" COST="" USE=""/>
<Obs _TYPE_="FROM" VARIABLE="F_Heart_Disease" LABEL="From: Heart_Disease" LEVEL="" EVENT="" ORDER="" FORMAT="" TYPE="C" COST="" USE=""/>
<Obs _TYPE_="INTO" VARIABLE="I_Heart_Disease" LABEL="Into: Heart_Disease" LEVEL="" EVENT="" ORDER="" FORMAT="" TYPE="C" COST="" USE=""/>
</Data>
<Metadata>
<Variable NAME="_TYPE_" LABEL="Type" LENGTH="32" FORMAT="" TYPE="C"/>
<Variable NAME="VARIABLE" LABEL="Variable" LENGTH="32" FORMAT="" TYPE="C"/>
<Variable NAME="LABEL" LABEL="Label" LENGTH="256" FORMAT="" TYPE="C"/>
<Variable NAME="LEVEL" LABEL="Measurement Level" LENGTH="32" FORMAT="" TYPE="C"/>
<Variable NAME="EVENT" LABEL="Target Event" LENGTH="32" FORMAT="" TYPE="C"/>
<Variable NAME="ORDER" LABEL="Order" LENGTH="10" FORMAT="" TYPE="C"/>
<Variable NAME="FORMAT" LABEL="Format" LENGTH="32" FORMAT="" TYPE="C"/>
<Variable NAME="TYPE" LABEL="Type" LENGTH="1" FORMAT="" TYPE="C"/>
<Variable NAME="COST" LABEL="Cost" LENGTH="32" FORMAT="" TYPE="C"/>
<Variable NAME="USE" LABEL="Use" LENGTH="1" FORMAT="" TYPE="C"/>
</Metadata>
</DecMeta>
</Heart_Disease>
</EmTargetAttributes>
<EmFileProperties>
<USERTRAINCODE Type="EXTERNAL" Extension="sas">
<Data/>
</USERTRAINCODE>
<EMNOTES Type="EXTERNAL" Extension="txt">
<Data/>
</EMNOTES>
</EmFileProperties>
</PROPERTIES>
</NODE>
<NODE CLASS="SASHELP.EMCORE.EXTENSION.CLASS" COMPONENT="HPTree" ID="HPTree2" X="782" Y="923" DESCRIPTION="HP Tree - 3 branches" DIAGRAMID="_ROOT_" PARENTID="" TOOLTYPE="MODEL" TOOLPREFIX="HPTree">
<PROPERTIES Location="CATALOG" Catalog="SASHELP.HPDM.HPDMTREE.SOURCE" ToolType="MODEL" ALPHA="0.2" CVFOLDS="10" MINDIST="0.01" CONFIDENCE="0.25" VALIDATIONPROB="0.15" PARTITIONSEED="12345" CVSEED="12345" MAXDEPTH="10" INTERVALBINS="100" HLEAFSIZE="5" CRITERIONMETHOD="ENTROPY" ICRITERIONMETHOD="VARIANCE" UseVarOnce="N" SUBTREEMIN="N" VARSELECT="Y" VALIDATION="N" BONFERRONI="N" NODEROLE="SEGMENT" PRUNINGMETHOD="C45" SELMETHOD="N" PASSESSMENT="ENTROPY" IPASSESSMENT="ASE" PTHRESHOLD="1.0" LIFTFRACT="0.5" NPLEAVES="16" INODECOLOR="AVERAGE" NODECOLOR="ProbEvent" LEVTHRESH1="500000" LEVTHRESH2="1000000" MINCATSIZE="5" MAXBRANCH="3" Nsurrs="0" MissingValue="POPULARITY" MAXLEAVES="1024" DEPTHCONTROL="MAXDEPTHCTRL" MValueMetric="ASE" ForceRun="N" RunAction="Train" Component="HPTree" CCPENALTY="0.8">
<VariableProperties/>
<EmTargetAttributes>
<Heart_Disease>
<DecData Table="EMWS1.HPTree2_Heart_Disease_DD">
<Data>
<Obs HEART_DISEASE="YES" COUNT="17479" DATAPRIOR="0.5" TRAINPRIOR="0.5" DECPRIOR="." DECISION1="1" DECISION2="0"/>
<Obs HEART_DISEASE="NO" COUNT="17479" DATAPRIOR="0.5" TRAINPRIOR="0.5" DECPRIOR="." DECISION1="0" DECISION2="1"/>
</Data>
<Metadata>
<Variable NAME="Heart_Disease" LABEL="" LENGTH="32" FORMAT="" TYPE="C"/>
<Variable NAME="COUNT" LABEL="Level Counts" LENGTH="8" FORMAT="10." TYPE="N"/>
<Variable NAME="DATAPRIOR" LABEL="Data Proportions" LENGTH="8" FORMAT="" TYPE="N"/>
<Variable NAME="TRAINPRIOR" LABEL="Training Proportions" LENGTH="8" FORMAT="" TYPE="N"/>
<Variable NAME="DECPRIOR" LABEL="Decision Priors" LENGTH="8" FORMAT="" TYPE="N"/>
<Variable NAME="DECISION1" LABEL="YES" LENGTH="8" FORMAT="" TYPE="N"/>
<Variable NAME="DECISION2" LABEL="NO" LENGTH="8" FORMAT="" TYPE="N"/>
</Metadata>
</DecData>
<DecMeta Table="EMWS1.HPTree2_Heart_Disease_DM">
<Data>
<Obs _TYPE_="MATRIX" VARIABLE="" LABEL="" LEVEL="PROFIT" EVENT="" ORDER="" FORMAT="" TYPE="" COST="" USE="N"/>
<Obs _TYPE_="TARGET" VARIABLE="Heart_Disease" LABEL="" LEVEL="BINARY" EVENT="YES" ORDER="" FORMAT="$3." TYPE="C" COST="" USE=""/>
<Obs _TYPE_="DECISION" VARIABLE="DECISION1" LABEL="YES" LEVEL="" EVENT="" ORDER="" FORMAT="" TYPE="N" COST="" USE="Y"/>
<Obs _TYPE_="DECISION" VARIABLE="DECISION2" LABEL="NO" LEVEL="" EVENT="" ORDER="" FORMAT="" TYPE="N" COST="" USE="Y"/>
<Obs _TYPE_="DATAPRIOR" VARIABLE="DATAPRIOR" LABEL="Data Prior" LEVEL="" EVENT="" ORDER="" FORMAT="" TYPE="N" COST="" USE="N"/>
<Obs _TYPE_="TRAINPRIOR" VARIABLE="TRAINPRIOR" LABEL="Training Prior" LEVEL="" EVENT="" ORDER="" FORMAT="" TYPE="N" COST="" USE="N"/>
<Obs _TYPE_="DECPRIOR" VARIABLE="DECPRIOR" LABEL="Decision Prior" LEVEL="" EVENT="" ORDER="" FORMAT="" TYPE="N" COST="" USE="N"/>
<Obs _TYPE_="PREDICTED" VARIABLE="P_Heart_DiseaseYes" LABEL="Predicted: Heart_Disease=Yes" LEVEL="YES" EVENT="" ORDER="" FORMAT="" TYPE="N" COST="" USE=""/>
<Obs _TYPE_="RESIDUAL" VARIABLE="R_Heart_DiseaseYes" LABEL="Residual: Heart_Disease=Yes" LEVEL="YES" EVENT="" ORDER="" FORMAT="" TYPE="N" COST="" USE=""/>
<Obs _TYPE_="PREDICTED" VARIABLE="P_Heart_DiseaseNo" LABEL="Predicted: Heart_Disease=No" LEVEL="NO" EVENT="" ORDER="" FORMAT="" TYPE="N" COST="" USE=""/>
<Obs _TYPE_="RESIDUAL" VARIABLE="R_Heart_DiseaseNo" LABEL="Residual: Heart_Disease=No" LEVEL="NO" EVENT="" ORDER="" FORMAT="" TYPE="N" COST="" USE=""/>
<Obs _TYPE_="FROM" VARIABLE="F_Heart_Disease" LABEL="From: Heart_Disease" LEVEL="" EVENT="" ORDER="" FORMAT="" TYPE="C" COST="" USE=""/>
<Obs _TYPE_="INTO" VARIABLE="I_Heart_Disease" LABEL="Into: Heart_Disease" LEVEL="" EVENT="" ORDER="" FORMAT="" TYPE="C" COST="" USE=""/>
</Data>
<Metadata>
<Variable NAME="_TYPE_" LABEL="Type" LENGTH="32" FORMAT="" TYPE="C"/>
<Variable NAME="VARIABLE" LABEL="Variable" LENGTH="32" FORMAT="" TYPE="C"/>
<Variable NAME="LABEL" LABEL="Label" LENGTH="256" FORMAT="" TYPE="C"/>
<Variable NAME="LEVEL" LABEL="Measurement Level" LENGTH="32" FORMAT="" TYPE="C"/>
<Variable NAME="EVENT" LABEL="Target Event" LENGTH="32" FORMAT="" TYPE="C"/>
<Variable NAME="ORDER" LABEL="Order" LENGTH="10" FORMAT="" TYPE="C"/>
<Variable NAME="FORMAT" LABEL="Format" LENGTH="32" FORMAT="" TYPE="C"/>
<Variable NAME="TYPE" LABEL="Type" LENGTH="1" FORMAT="" TYPE="C"/>
<Variable NAME="COST" LABEL="Cost" LENGTH="32" FORMAT="" TYPE="C"/>
<Variable NAME="USE" LABEL="Use" LENGTH="1" FORMAT="" TYPE="C"/>
</Metadata>
</DecMeta>
</Heart_Disease>
</EmTargetAttributes>
<EmVariableAttributes/>
<EmFileProperties>
<USERTRAINCODE Type="EXTERNAL" Extension="sas">
<Data/>
</USERTRAINCODE>
<EMNOTES Type="EXTERNAL" Extension="txt">
<Data/>
</EMNOTES>
</EmFileProperties>
</PROPERTIES>
</NODE>
<NODE CLASS="SASHELP.EMASSMT.ASSESS.CLASS" COMPONENT="ModelCompare" ID="MdlComp" X="1410" Y="455" DESCRIPTION="Model Comparison" DIAGRAMID="_ROOT_" PARENTID="" TOOLTYPE="ASSESS" TOOLPREFIX="MdlComp">
<PROPERTIES NumberOfReportedLevels="1E-6" NormalizeReportingVariables="Y" DecileBin="20" LiftEpsilon="1E-6" ProfitEpsilon="1E-6" RoiEpsilon="1E-6" ScoreDistBin="20" RocChart="Y" RocEpsilon="0.01" AssessAllTargetLevels="N" SelectionData="DEFAULT" HPCriteria="DEFAULT" intervalViyaCriteria="DEFAULT" classViyaCriteria="DEFAULT" SelectionTable="TRAIN" SelectionCriteria="DEFAULT" SelectionDepth="10" NumberofBins="20" RecomputeAssess="N" TargetName="Heart_Disease" ModelId="Boost" ModelDescription="Gradient Boosting" ModelCriteria="Valid: Misclassification Rate" ForceRun="N" RunAction="Train" Component="ModelCompare" StatisticUsed="_VMISC_" TargetLabel="">
<VariableProperties/>
<EmVariableAttributes/>
<EmTargetAttributes/>
<EmFileProperties>
<EMNOTES Type="EXTERNAL" Extension="txt">
<Data/>
</EMNOTES>
</EmFileProperties>
</PROPERTIES>
</NODE>
<NODE CLASS="SASHELP.EMASSMT.ASSESS.CLASS" COMPONENT="ModelCompare" ID="MdlComp2" X="1366" Y="318" DESCRIPTION="Model Comparison (2)" DIAGRAMID="_ROOT_" PARENTID="" TOOLTYPE="ASSESS" TOOLPREFIX="MdlComp">
<PROPERTIES NumberOfReportedLevels="1E-6" NormalizeReportingVariables="Y" DecileBin="20" LiftEpsilon="1E-6" ProfitEpsilon="1E-6" RoiEpsilon="1E-6" ScoreDistBin="20" RocChart="Y" RocEpsilon="0.01" AssessAllTargetLevels="N" SelectionData="DEFAULT" HPCriteria="DEFAULT" intervalViyaCriteria="DEFAULT" classViyaCriteria="DEFAULT" SelectionTable="TRAIN" SelectionCriteria="DEFAULT" SelectionDepth="10" NumberofBins="20" RecomputeAssess="N" TargetName="Heart_Disease" ModelId="Neural" ModelDescription="Neural Network 64H" ModelCriteria="Valid: Misclassification Rate" ForceRun="N" RunAction="Train" Component="ModelCompare" StatisticUsed="_VMISC_" TargetLabel="">
<VariableProperties/>
<EmVariableAttributes/>
<EmTargetAttributes/>
<EmFileProperties>
<EMNOTES Type="EXTERNAL" Extension="txt">
<Data/>
</EMNOTES>
</EmFileProperties>
</PROPERTIES>
</NODE>
<NODE CLASS="SASHELP.EMMODL.NEURAL.CLASS" COMPONENT="NeuralNetwork" ID="Neural" X="1142" Y="366" DESCRIPTION="Neural Network 64H" DIAGRAMID="_ROOT_" PARENTID="" TOOLTYPE="MODEL" TOOLPREFIX="Neural">
<PROPERTIES UseEstimates="N" NetworkArchitecture="MLP" DirectConnection="N" Hidden="64" Prelim="N" PreliminaryRuns="5" PrelimMaxiter="10" PrelimMaxTime="1 HOUR" Maxiter="1000" Maxtime="5 MINUTES" TrainingTechnique="DEFAULT" ConvDefaults="Y" AbsConvValue="-1.34078E154" AbsFValue="0" AbsFTime="1" AbsGValue="0.00001" AbsGTime="1" AbsXValue="1E-8" AbsXTime="1" FConvValue="0" FConvTime="1" GConvValue="1E-6" GConvTime="1" ModelSelectionCriterion="MISCLASSIFICATION" SuppressOutput="N" Residuals="Y" Standardizations="N" HiddenUnits="N" TrainCode="" PrelimOutest="" Outest="" Outfit="" InitialDs="" CodefileRes="" CodefileNoRes="" AddHidden="Y" HiddenCombFunction="DEFAULT" HiddenActivation="DEFAULT" HiddenBias="Y" TargetCombFunction="DEFAULT" TargetActivation="DEFAULT" TargetError="DEFAULT" TargetBias="Y" InitialSeed="12345" RandDist="NORMAL" RandScale="0.1" RandLoc="0" InputStandardization="STD" WeightDecay="0" Accelerate="1.2" Decelerate="0.5" Learn="0.1" MaxLearn="50" MinLearn="0.00001" Momentum="0" MaxMomentum="1.75" Tilt="0" ForceRun="N" RunAction="Train" Component="NeuralNetwork">
<VariableProperties/>
<EmVariableAttributes/>
<EmTargetAttributes/>
<EmFileProperties>
<EMNOTES Type="EXTERNAL" Extension="txt">
<Data/>
</EMNOTES>
</EmFileProperties>
</PROPERTIES>
</NODE>
<NODE CLASS="SASHELP.EMSAMP.EMDPART.CLASS" COMPONENT="Partition" ID="Part" X="585" Y="447" DESCRIPTION="Data Partition" DIAGRAMID="_ROOT_" PARENTID="" TOOLTYPE="SAMPLE" TOOLPREFIX="Part">
<PROPERTIES Method="DEFAULT" TrainPct="70" ValidatePct="30" TestPct="0" RandomSeed="12345" OutputType="DATA" IntervalDistribution="Y" ClassDistribution="Y" ForceRun="N" RunAction="Train" Component="Partition">
<VariableProperties/>
<EmVariableAttributes/>
<EmTargetAttributes/>
<EmFileProperties>
<EMNOTES Type="EXTERNAL" Extension="txt">
<Data/>
</EMNOTES>
</EmFileProperties>
</PROPERTIES>
</NODE>
<NODE CLASS="SASHELP.EMMODL.REGRESSION.CLASS" COMPONENT="Regression" ID="Reg" X="996" Y="290" DESCRIPTION="Backward Regression" DIAGRAMID="_ROOT_" PARENTID="" TOOLTYPE="MODEL" TOOLPREFIX="Reg">
<PROPERTIES MainEffect="Y" TwoFactor="N" Polynomial="N" PolynomialDegree="2" Terms="N" Error="LOGISTIC" LinkFunction="LOGIT" SuppressIntercept="N" InputCoding="DEVIATION" MinResourceUse="N" ModelSelection="BACKWARD" SelectionCriterion="VMISC" SelectionDefault="Y" Sequential="N" SlEntry="0.05" SlStay="0.05" Start="0" Stop="0" Force="0" Hierarchy="CLASS" Rule="NONE" MaxStep="." StepOutput="N" OptimizationTechnique="DEFAULT" ModelDefaults="Y" MaxIterations="." MaxFunctionCalls="." MaxCPUTime="1 HOUR" ConvDefaults="Y" AbsConvValue="-1.34078E154" AbsFValue="0" AbsFTime="1" AbsGValue="0.00001" AbsGTime="1" AbsXValue="1E-8" AbsXTime="1" FConvValue="0" FConvTimes="1" GConvValue="1E-6" GConvTimes="1" ClParm="N" Covout="N" CovB="N" CorB="N" Simple="N" SuppressOutput="N" Details="N" PrintDesignMatrix="N" SASSPDS="N" Performance="N" ExcludedVariable="REJECT" ForceRun="N" RunAction="Train" Component="Regression" Interactions="">
<VariableProperties/>
<EmVariableAttributes/>
<EmTargetAttributes>
<Heart_Disease>
<DecData Table="EMWS1.Reg_Heart_Disease_DD">
<Data>
<Obs HEART_DISEASE="YES" COUNT="17479" DATAPRIOR="0.5" TRAINPRIOR="0.5" DECPRIOR="." DECISION1="1" DECISION2="0"/>
<Obs HEART_DISEASE="NO" COUNT="17479" DATAPRIOR="0.5" TRAINPRIOR="0.5" DECPRIOR="." DECISION1="0" DECISION2="1"/>
</Data>
<Metadata>
<Variable NAME="Heart_Disease" LABEL="" LENGTH="32" FORMAT="" TYPE="C"/>
<Variable NAME="COUNT" LABEL="Level Counts" LENGTH="8" FORMAT="" TYPE="N"/>
<Variable NAME="DATAPRIOR" LABEL="Data Proportions" LENGTH="8" FORMAT="" TYPE="N"/>
<Variable NAME="TRAINPRIOR" LABEL="Training Proportions" LENGTH="8" FORMAT="" TYPE="N"/>
<Variable NAME="DECPRIOR" LABEL="Decision Priors" LENGTH="8" FORMAT="" TYPE="N"/>
<Variable NAME="DECISION1" LABEL="YES" LENGTH="8" FORMAT="" TYPE="N"/>
<Variable NAME="DECISION2" LABEL="NO" LENGTH="8" FORMAT="" TYPE="N"/>
</Metadata>
</DecData>
<DecMeta Table="EMWS1.Reg_Heart_Disease_DM">
<Data>
<Obs _TYPE_="MATRIX" VARIABLE="" LABEL="" LEVEL="PROFIT" EVENT="" ORDER="" FORMAT="" TYPE="" COST="" USE="N"/>
<Obs _TYPE_="TARGET" VARIABLE="Heart_Disease" LABEL="" LEVEL="BINARY" EVENT="YES" ORDER="" FORMAT="$3." TYPE="C" COST="" USE=""/>
<Obs _TYPE_="DECISION" VARIABLE="DECISION1" LABEL="YES" LEVEL="" EVENT="" ORDER="" FORMAT="" TYPE="N" COST="" USE="Y"/>
<Obs _TYPE_="DECISION" VARIABLE="DECISION2" LABEL="NO" LEVEL="" EVENT="" ORDER="" FORMAT="" TYPE="N" COST="" USE="Y"/>
<Obs _TYPE_="DATAPRIOR" VARIABLE="DATAPRIOR" LABEL="Data Prior" LEVEL="" EVENT="" ORDER="" FORMAT="" TYPE="N" COST="" USE="N"/>
<Obs _TYPE_="TRAINPRIOR" VARIABLE="TRAINPRIOR" LABEL="Training Prior" LEVEL="" EVENT="" ORDER="" FORMAT="" TYPE="N" COST="" USE="N"/>
<Obs _TYPE_="DECPRIOR" VARIABLE="DECPRIOR" LABEL="Decision Prior" LEVEL="" EVENT="" ORDER="" FORMAT="" TYPE="N" COST="" USE="N"/>
<Obs _TYPE_="PREDICTED" VARIABLE="P_Heart_DiseaseYes" LABEL="Predicted: Heart_Disease=Yes" LEVEL="YES" EVENT="" ORDER="" FORMAT="" TYPE="N" COST="" USE=""/>
<Obs _TYPE_="RESIDUAL" VARIABLE="R_Heart_DiseaseYes" LABEL="Residual: Heart_Disease=Yes" LEVEL="YES" EVENT="" ORDER="" FORMAT="" TYPE="N" COST="" USE=""/>
<Obs _TYPE_="PREDICTED" VARIABLE="P_Heart_DiseaseNo" LABEL="Predicted: Heart_Disease=No" LEVEL="NO" EVENT="" ORDER="" FORMAT="" TYPE="N" COST="" USE=""/>
<Obs _TYPE_="RESIDUAL" VARIABLE="R_Heart_DiseaseNo" LABEL="Residual: Heart_Disease=No" LEVEL="NO" EVENT="" ORDER="" FORMAT="" TYPE="N" COST="" USE=""/>
<Obs _TYPE_="FROM" VARIABLE="F_Heart_Disease" LABEL="From: Heart_Disease" LEVEL="" EVENT="" ORDER="" FORMAT="" TYPE="C" COST="" USE=""/>
<Obs _TYPE_="INTO" VARIABLE="I_Heart_Disease" LABEL="Into: Heart_Disease" LEVEL="" EVENT="" ORDER="" FORMAT="" TYPE="C" COST="" USE=""/>
</Data>
<Metadata>
<Variable NAME="_TYPE_" LABEL="Type" LENGTH="32" FORMAT="" TYPE="C"/>
<Variable NAME="VARIABLE" LABEL="Variable" LENGTH="32" FORMAT="" TYPE="C"/>
<Variable NAME="LABEL" LABEL="Label" LENGTH="256" FORMAT="" TYPE="C"/>
<Variable NAME="LEVEL" LABEL="Measurement Level" LENGTH="32" FORMAT="" TYPE="C"/>
<Variable NAME="EVENT" LABEL="Target Event" LENGTH="32" FORMAT="" TYPE="C"/>
<Variable NAME="ORDER" LABEL="Order" LENGTH="10" FORMAT="" TYPE="C"/>
<Variable NAME="FORMAT" LABEL="Format" LENGTH="32" FORMAT="" TYPE="C"/>
<Variable NAME="TYPE" LABEL="Type" LENGTH="1" FORMAT="" TYPE="C"/>
<Variable NAME="COST" LABEL="Cost" LENGTH="32" FORMAT="" TYPE="C"/>
<Variable NAME="USE" LABEL="Use" LENGTH="1" FORMAT="" TYPE="C"/>
</Metadata>
</DecMeta>
</Heart_Disease>
</EmTargetAttributes>
<EmFileProperties>
<EMNOTES Type="EXTERNAL" Extension="txt">
<Data/>
</EMNOTES>
</EmFileProperties>
</PROPERTIES>
</NODE>
<NODE CLASS="SASHELP.EMCORE.EXTENSION.CLASS" COMPONENT="Replace" ID="Repl" X="585" Y="217" DESCRIPTION="Replacement" DIAGRAMID="_ROOT_" PARENTID="" TOOLTYPE="MODIFY" TOOLPREFIX="Repl">
<PROPERTIES Location="CATALOG" Catalog="SASHELP.EMMDFY.REPLACE.SOURCE" HideVariable="N" UnknownLevel="NONE" ReplaceMethod="COMPUTED" CalcMethod="STDDEV" MADSCutoff="9.0" SpacingsCutoff="9.0" StddevCutoff="3.0" PercentsCutoff="0.5" CountReport="Y" ForceRun="N" RunAction="Train" Component="Replace" IntervalMethod="NONE" DataNeeded="Y">
<VariableProperties/>
<EmVariableAttributes>
<DELTA Variable="BMI" AttributeName="INTERVALMIN" AttributeValue="35"/>
<DELTA Variable="BMI" AttributeName="INTERVALMAX" AttributeValue="125"/>
<DELTA Variable="Weight__kg_" AttributeName="INTERVALMIN" AttributeValue="15"/>
<DELTA Variable="Weight__kg_" AttributeName="INTERVALMAX" AttributeValue="40"/>
</EmVariableAttributes>
<EmTargetAttributes/>
<EmFileProperties>
<USERTRAINCODE Type="EXTERNAL" Extension="sas">
<Data/>
</USERTRAINCODE>
<NEWVALUES Type="DATA">
<Data>
<Obs NAME="Age_Category" LEVEL="_UNKNOWN_" TYPE="C" REPLACE_VALUE="_DEFAULT_"/>
<Obs NAME="Alcohol_Consumption" LEVEL="_UNKNOWN_" TYPE="N" REPLACE_VALUE="_DEFAULT_"/>
<Obs NAME="Arthritis" LEVEL="_UNKNOWN_" TYPE="C" REPLACE_VALUE="_DEFAULT_"/>
<Obs NAME="Checkup" LEVEL="_UNKNOWN_" TYPE="C" REPLACE_VALUE="_DEFAULT_"/>
<Obs NAME="Depression" LEVEL="_UNKNOWN_" TYPE="C" REPLACE_VALUE="_DEFAULT_"/>
<Obs NAME="Diabetes" LEVEL="_UNKNOWN_" TYPE="C" REPLACE_VALUE="_DEFAULT_"/>
<Obs NAME="Exercise" LEVEL="_UNKNOWN_" TYPE="C" REPLACE_VALUE="_DEFAULT_"/>
<Obs NAME="FriedPotato_Consumption" LEVEL="_UNKNOWN_" TYPE="N" REPLACE_VALUE="_DEFAULT_"/>
<Obs NAME="Fruit_Consumption" LEVEL="_UNKNOWN_" TYPE="N" REPLACE_VALUE="_DEFAULT_"/>
<Obs NAME="General_Health" LEVEL="_UNKNOWN_" TYPE="C" REPLACE_VALUE="_DEFAULT_"/>
<Obs NAME="Green_Vegetables_Consumption" LEVEL="_UNKNOWN_" TYPE="N" REPLACE_VALUE="_DEFAULT_"/>
<Obs NAME="Heart_Disease" LEVEL="_UNKNOWN_" TYPE="C" REPLACE_VALUE="_DEFAULT_"/>
<Obs NAME="Other_Cancer" LEVEL="_UNKNOWN_" TYPE="C" REPLACE_VALUE="_DEFAULT_"/>
<Obs NAME="Sex" LEVEL="_UNKNOWN_" TYPE="C" REPLACE_VALUE="_DEFAULT_"/>
<Obs NAME="Smoking_History" LEVEL="_UNKNOWN_" TYPE="C" REPLACE_VALUE="_DEFAULT_"/>
</Data>
<Metadata>
<Variable NAME="Name" LABEL="Variable" LENGTH="32" FORMAT="" TYPE="C"/>
<Variable NAME="LEVEL" LABEL="Formatted Value" LENGTH="44" FORMAT="" TYPE="C"/>
<Variable NAME="TYPE" LABEL="Type" LENGTH="1" FORMAT="" TYPE="C"/>
<Variable NAME="REPLACE_VALUE" LABEL="Replacement Value" LENGTH="200" FORMAT="" TYPE="C"/>
</Metadata>
</NEWVALUES>
<EMNOTES Type="EXTERNAL" Extension="txt">
<Data/>
</EMNOTES>
</EmFileProperties>
</PROPERTIES>
</NODE>
<NODE CLASS="SASHELP.EMSAMP.SAMPLING.CLASS" COMPONENT="Sample" ID="Smpl" X="587" Y="370" DESCRIPTION="Sample" DIAGRAMID="_ROOT_" PARENTID="" TOOLTYPE="SAMPLE" TOOLPREFIX="Smpl">
<PROPERTIES Method="DEFAULT" SizeType="PERCENT" SizePercent="100" SizeObs="." RandomSeed="12345" Alpha="0.01" Pvalue="0.01" AdjustFreq="N" FreqMiss="N" FreqCount="N" StratifyCriterion="EQUAL" MinStrataSize="5" IgnoreSmallStrata="N" ClusterMethod="RANDOM" LevelProportion="100" LevelSampleProportion="50" LevelSelection="EVENT" OutputType="DATA" IntervalDistribution="Y" ClassDistribution="Y" ForceRun="N" RunAction="Train" Component="Sample">
<VariableProperties/>
<EmVariableAttributes/>
<EmTargetAttributes/>
<EmFileProperties>
<EMNOTES Type="EXTERNAL" Extension="txt">
<Data/>
</EMNOTES>
</EmFileProperties>
</PROPERTIES>
</NODE>
<NODE CLASS="SASHELP.EMEXPL.STATEXPLORE.CLASS" COMPONENT="StatExplore" ID="Stat" X="405" Y="217" DESCRIPTION="StatExplore" DIAGRAMID="_ROOT_" PARENTID="" TOOLTYPE="EXPLORE" TOOLPREFIX="Stat">
<PROPERTIES BySegment="N" Correlation="Y" Spearman="N" Pearson="Y" ChiSquare="Y" ChiSquareInterval="N" ChiSquareIntervalNBins="5" MaximumVars="1000" HideVariable="Y" DropRejected="Y" UseValidate="N" UseTest="N" UseScore="N" NObs="ALL" IntervalDistribution="Y" ClassDistribution="Y" LevelSummary="Y" ForceRun="N" RunAction="Train" Component="StatExplore">
<VariableProperties/>
<EmVariableAttributes/>
<EmTargetAttributes/>
<EmFileProperties>
<CROSSTAB Type="DATA">
<Data/>
<Metadata/>
</CROSSTAB>
<EMNOTES Type="EXTERNAL" Extension="txt">
<Data/>
</EMNOTES>
</EmFileProperties>
</PROPERTIES>
</NODE>
<NODE CLASS="SASHELP.EMEXPL.STATEXPLORE.CLASS" COMPONENT="StatExplore" ID="Stat2" X="775" Y="216" DESCRIPTION="StatExplore (2)" DIAGRAMID="_ROOT_" PARENTID="" TOOLTYPE="EXPLORE" TOOLPREFIX="Stat">
<PROPERTIES BySegment="N" Correlation="Y" Spearman="N" Pearson="Y" ChiSquare="Y" ChiSquareInterval="N" ChiSquareIntervalNBins="5" MaximumVars="1000" HideVariable="Y" DropRejected="Y" UseValidate="N" UseTest="N" UseScore="N" NObs="100000" IntervalDistribution="Y" ClassDistribution="Y" LevelSummary="Y" ForceRun="N" RunAction="Train" Component="StatExplore">
<VariableProperties/>
<EmVariableAttributes/>
<EmTargetAttributes/>
<EmFileProperties>
<CROSSTAB Type="DATA">
<Data/>
<Metadata/>
</CROSSTAB>
<EMNOTES Type="EXTERNAL" Extension="txt">
<Data/>
</EMNOTES>
</EmFileProperties>
</PROPERTIES>
</NODE>
<NODE CLASS="SASHELP.EMEXPL.STATEXPLORE.CLASS" COMPONENT="StatExplore" ID="Stat3" X="775" Y="291" DESCRIPTION="StatExplore (3)" DIAGRAMID="_ROOT_" PARENTID="" TOOLTYPE="EXPLORE" TOOLPREFIX="Stat">
<PROPERTIES BySegment="N" Correlation="Y" Spearman="N" Pearson="Y" ChiSquare="Y" ChiSquareInterval="N" ChiSquareIntervalNBins="5" MaximumVars="1000" HideVariable="Y" DropRejected="Y" UseValidate="N" UseTest="N" UseScore="N" NObs="100000" IntervalDistribution="Y" ClassDistribution="Y" LevelSummary="Y" ForceRun="N" RunAction="Train" Component="StatExplore">
<VariableProperties/>
<EmVariableAttributes/>
<EmTargetAttributes/>
<EmFileProperties>
<CROSSTAB Type="DATA">
<Data/>
<Metadata/>
</CROSSTAB>
<EMNOTES Type="EXTERNAL" Extension="txt">
<Data/>
</EMNOTES>
</EmFileProperties>
</PROPERTIES>
</NODE>
<NODE CLASS="SASHELP.EMCORE.EXTENSION.CLASS" COMPONENT="DecisionTree" ID="Tree" X="779" Y="447" DESCRIPTION="Decision Tree" DIAGRAMID="_ROOT_" PARENTID="" TOOLTYPE="MODEL" TOOLPREFIX="Tree">
<PROPERTIES Location="CATALOG" Catalog="SASHELP.EMMODL.TREE.SOURCE" ToolType="MODEL" TrainMode="BATCH" ImportModel="N" Freeze="N" UseMultipleTarget="N" Precision="4" IntervalCriterion="PROBF" NominalCriterion="PROBCHISQ" OrdinalCriterion="ENTROPY" SigLevel="0.2" Splitsize="." LeafSize="5" MinCatSize="5" Maxbranch="2" Maxdepth="6" Nrules="5" Nsurrs="0" MissingValue="USEINSEARCH" UseVarOnce="N" SplitPrecision="4" Subtree="N" NSubtree="13" AssessMeasure="PROFIT/LOSS" AssessPercentage="0.25" NodeSample="20000" Exhaustive="5000" Kass="Y" KassApply="BEFORE" Depth="Y" Inputs="N" NumInputs="1" VarSelection="Y" Leafid="Y" NodeRole="SEGMENT" Performance="DISK" CV="N" CVNIter="10" CVRepeat="1" CVSeed="12345" ObsImportance="N" NumSingleImp="5" UseDecision="N" UsePriors="N" ClassColorBy="PERCENTCORRECT" IntColorBy="AVG" ShowNodeId="Y" ShowValid="Y" Pred="N" Target="ALL" Count="Y" ProfitLoss="NONE" PercentCorrect="N" AVG="Y" RASE="N" CreateSample="DEFAULT" SampleMethod="RANDOM" SampleSize="10000" SampleSeed="12345" ForceRun="N" RunAction="Train" Component="DecisionTree" Criterion="DEFAULT" Dummy="N" Predict="Y" ImportedTreeData="">
<VariableProperties/>
<EmVariableAttributes/>
<EmTargetAttributes>
<Heart_Disease>
<DecData Table="EMWS1.Tree_Heart_Disease_DD">
<Data>
<Obs HEART_DISEASE="YES" COUNT="17479" DATAPRIOR="0.5" TRAINPRIOR="0.5" DECPRIOR="." DECISION1="1" DECISION2="0"/>
<Obs HEART_DISEASE="NO" COUNT="17479" DATAPRIOR="0.5" TRAINPRIOR="0.5" DECPRIOR="." DECISION1="0" DECISION2="1"/>
</Data>
<Metadata>
<Variable NAME="Heart_Disease" LABEL="" LENGTH="32" FORMAT="" TYPE="C"/>
<Variable NAME="COUNT" LABEL="Level Counts" LENGTH="8" FORMAT="10." TYPE="N"/>
<Variable NAME="DATAPRIOR" LABEL="Data Proportions" LENGTH="8" FORMAT="" TYPE="N"/>
<Variable NAME="TRAINPRIOR" LABEL="Training Proportions" LENGTH="8" FORMAT="" TYPE="N"/>
<Variable NAME="DECPRIOR" LABEL="Decision Priors" LENGTH="8" FORMAT="" TYPE="N"/>
<Variable NAME="DECISION1" LABEL="YES" LENGTH="8" FORMAT="" TYPE="N"/>
<Variable NAME="DECISION2" LABEL="NO" LENGTH="8" FORMAT="" TYPE="N"/>
</Metadata>
</DecData>
<DecMeta Table="EMWS1.Tree_Heart_Disease_DM">
<Data>
<Obs _TYPE_="MATRIX" VARIABLE="" LABEL="" LEVEL="PROFIT" EVENT="" ORDER="" FORMAT="" TYPE="" COST="" USE="N"/>
<Obs _TYPE_="TARGET" VARIABLE="Heart_Disease" LABEL="" LEVEL="BINARY" EVENT="YES" ORDER="" FORMAT="$3." TYPE="C" COST="" USE=""/>
<Obs _TYPE_="DECISION" VARIABLE="DECISION1" LABEL="YES" LEVEL="" EVENT="" ORDER="" FORMAT="" TYPE="N" COST="" USE="Y"/>
<Obs _TYPE_="DECISION" VARIABLE="DECISION2" LABEL="NO" LEVEL="" EVENT="" ORDER="" FORMAT="" TYPE="N" COST="" USE="Y"/>
<Obs _TYPE_="DATAPRIOR" VARIABLE="DATAPRIOR" LABEL="Data Prior" LEVEL="" EVENT="" ORDER="" FORMAT="" TYPE="N" COST="" USE="N"/>
<Obs _TYPE_="TRAINPRIOR" VARIABLE="TRAINPRIOR" LABEL="Training Prior" LEVEL="" EVENT="" ORDER="" FORMAT="" TYPE="N" COST="" USE="N"/>
<Obs _TYPE_="DECPRIOR" VARIABLE="DECPRIOR" LABEL="Decision Prior" LEVEL="" EVENT="" ORDER="" FORMAT="" TYPE="N" COST="" USE="N"/>
<Obs _TYPE_="PREDICTED" VARIABLE="P_Heart_DiseaseYes" LABEL="Predicted: Heart_Disease=Yes" LEVEL="YES" EVENT="" ORDER="" FORMAT="" TYPE="N" COST="" USE=""/>
<Obs _TYPE_="RESIDUAL" VARIABLE="R_Heart_DiseaseYes" LABEL="Residual: Heart_Disease=Yes" LEVEL="YES" EVENT="" ORDER="" FORMAT="" TYPE="N" COST="" USE=""/>
<Obs _TYPE_="PREDICTED" VARIABLE="P_Heart_DiseaseNo" LABEL="Predicted: Heart_Disease=No" LEVEL="NO" EVENT="" ORDER="" FORMAT="" TYPE="N" COST="" USE=""/>
<Obs _TYPE_="RESIDUAL" VARIABLE="R_Heart_DiseaseNo" LABEL="Residual: Heart_Disease=No" LEVEL="NO" EVENT="" ORDER="" FORMAT="" TYPE="N" COST="" USE=""/>
<Obs _TYPE_="FROM" VARIABLE="F_Heart_Disease" LABEL="From: Heart_Disease" LEVEL="" EVENT="" ORDER="" FORMAT="" TYPE="C" COST="" USE=""/>
<Obs _TYPE_="INTO" VARIABLE="I_Heart_Disease" LABEL="Into: Heart_Disease" LEVEL="" EVENT="" ORDER="" FORMAT="" TYPE="C" COST="" USE=""/>
</Data>
<Metadata>
<Variable NAME="_TYPE_" LABEL="Type" LENGTH="32" FORMAT="" TYPE="C"/>
<Variable NAME="VARIABLE" LABEL="Variable" LENGTH="32" FORMAT="" TYPE="C"/>
<Variable NAME="LABEL" LABEL="Label" LENGTH="256" FORMAT="" TYPE="C"/>
<Variable NAME="LEVEL" LABEL="Measurement Level" LENGTH="32" FORMAT="" TYPE="C"/>
<Variable NAME="EVENT" LABEL="Target Event" LENGTH="32" FORMAT="" TYPE="C"/>
<Variable NAME="ORDER" LABEL="Order" LENGTH="10" FORMAT="" TYPE="C"/>
<Variable NAME="FORMAT" LABEL="Format" LENGTH="32" FORMAT="" TYPE="C"/>
<Variable NAME="TYPE" LABEL="Type" LENGTH="1" FORMAT="" TYPE="C"/>
<Variable NAME="COST" LABEL="Cost" LENGTH="32" FORMAT="" TYPE="C"/>
<Variable NAME="USE" LABEL="Use" LENGTH="1" FORMAT="" TYPE="C"/>
</Metadata>
</DecMeta>
</Heart_Disease>
</EmTargetAttributes>
<EmFileProperties>
<USERTRAINCODE Type="EXTERNAL" Extension="sas">
<Data/>
</USERTRAINCODE>
<EMNOTES Type="EXTERNAL" Extension="txt">
<Data/>
</EMNOTES>
</EmFileProperties>
</PROPERTIES>
</NODE>
<NODE CLASS="SASHELP.EMCORE.EXTENSION.CLASS" COMPONENT="DecisionTree" ID="Tree2" X="778" Y="527" DESCRIPTION="Decision Tree 3 branches" DIAGRAMID="_ROOT_" PARENTID="" TOOLTYPE="MODEL" TOOLPREFIX="Tree">
<PROPERTIES Location="CATALOG" Catalog="SASHELP.EMMODL.TREE.SOURCE" ToolType="MODEL" TrainMode="BATCH" ImportModel="N" Freeze="N" UseMultipleTarget="N" Precision="4" IntervalCriterion="PROBF" NominalCriterion="PROBCHISQ" OrdinalCriterion="ENTROPY" SigLevel="0.2" Splitsize="." LeafSize="5" MinCatSize="5" Maxbranch="3" Maxdepth="6" Nrules="5" Nsurrs="0" MissingValue="USEINSEARCH" UseVarOnce="N" SplitPrecision="4" Subtree="N" NSubtree="30" AssessMeasure="PROFIT/LOSS" AssessPercentage="0.25" NodeSample="20000" Exhaustive="5000" Kass="Y" KassApply="BEFORE" Depth="Y" Inputs="N" NumInputs="1" VarSelection="Y" Leafid="Y" NodeRole="SEGMENT" Performance="DISK" CV="N" CVNIter="10" CVRepeat="1" CVSeed="12345" ObsImportance="N" NumSingleImp="5" UseDecision="N" UsePriors="N" ClassColorBy="PERCENTCORRECT" IntColorBy="AVG" ShowNodeId="Y" ShowValid="Y" Pred="N" Target="ALL" Count="Y" ProfitLoss="NONE" PercentCorrect="N" AVG="Y" RASE="N" CreateSample="DEFAULT" SampleMethod="RANDOM" SampleSize="10000" SampleSeed="12345" ForceRun="N" RunAction="Train" Component="DecisionTree" Criterion="DEFAULT" Dummy="N" Predict="Y" ImportedTreeData="">
<VariableProperties/>
<EmVariableAttributes/>
<EmTargetAttributes>
<Heart_Disease>
<DecData Table="EMWS1.Tree2_Heart_Disease_DD">
<Data>
<Obs HEART_DISEASE="YES" COUNT="17479" DATAPRIOR="0.5" TRAINPRIOR="0.5" DECPRIOR="." DECISION1="1" DECISION2="0"/>
<Obs HEART_DISEASE="NO" COUNT="17479" DATAPRIOR="0.5" TRAINPRIOR="0.5" DECPRIOR="." DECISION1="0" DECISION2="1"/>
</Data>
<Metadata>
<Variable NAME="Heart_Disease" LABEL="" LENGTH="32" FORMAT="" TYPE="C"/>
<Variable NAME="COUNT" LABEL="Level Counts" LENGTH="8" FORMAT="10." TYPE="N"/>
<Variable NAME="DATAPRIOR" LABEL="Data Proportions" LENGTH="8" FORMAT="" TYPE="N"/>
<Variable NAME="TRAINPRIOR" LABEL="Training Proportions" LENGTH="8" FORMAT="" TYPE="N"/>
<Variable NAME="DECPRIOR" LABEL="Decision Priors" LENGTH="8" FORMAT="" TYPE="N"/>
<Variable NAME="DECISION1" LABEL="YES" LENGTH="8" FORMAT="" TYPE="N"/>
<Variable NAME="DECISION2" LABEL="NO" LENGTH="8" FORMAT="" TYPE="N"/>
</Metadata>
</DecData>
<DecMeta Table="EMWS1.Tree2_Heart_Disease_DM">
<Data>
<Obs _TYPE_="MATRIX" VARIABLE="" LABEL="" LEVEL="PROFIT" EVENT="" ORDER="" FORMAT="" TYPE="" COST="" USE="N"/>
<Obs _TYPE_="TARGET" VARIABLE="Heart_Disease" LABEL="" LEVEL="BINARY" EVENT="YES" ORDER="" FORMAT="$3." TYPE="C" COST="" USE=""/>
<Obs _TYPE_="DECISION" VARIABLE="DECISION1" LABEL="YES" LEVEL="" EVENT="" ORDER="" FORMAT="" TYPE="N" COST="" USE="Y"/>
<Obs _TYPE_="DECISION" VARIABLE="DECISION2" LABEL="NO" LEVEL="" EVENT="" ORDER="" FORMAT="" TYPE="N" COST="" USE="Y"/>
<Obs _TYPE_="DATAPRIOR" VARIABLE="DATAPRIOR" LABEL="Data Prior" LEVEL="" EVENT="" ORDER="" FORMAT="" TYPE="N" COST="" USE="N"/>
<Obs _TYPE_="TRAINPRIOR" VARIABLE="TRAINPRIOR" LABEL="Training Prior" LEVEL="" EVENT="" ORDER="" FORMAT="" TYPE="N" COST="" USE="N"/>
<Obs _TYPE_="DECPRIOR" VARIABLE="DECPRIOR" LABEL="Decision Prior" LEVEL="" EVENT="" ORDER="" FORMAT="" TYPE="N" COST="" USE="N"/>
<Obs _TYPE_="PREDICTED" VARIABLE="P_Heart_DiseaseYes" LABEL="Predicted: Heart_Disease=Yes" LEVEL="YES" EVENT="" ORDER="" FORMAT="" TYPE="N" COST="" USE=""/>
<Obs _TYPE_="RESIDUAL" VARIABLE="R_Heart_DiseaseYes" LABEL="Residual: Heart_Disease=Yes" LEVEL="YES" EVENT="" ORDER="" FORMAT="" TYPE="N" COST="" USE=""/>
<Obs _TYPE_="PREDICTED" VARIABLE="P_Heart_DiseaseNo" LABEL="Predicted: Heart_Disease=No" LEVEL="NO" EVENT="" ORDER="" FORMAT="" TYPE="N" COST="" USE=""/>
<Obs _TYPE_="RESIDUAL" VARIABLE="R_Heart_DiseaseNo" LABEL="Residual: Heart_Disease=No" LEVEL="NO" EVENT="" ORDER="" FORMAT="" TYPE="N" COST="" USE=""/>
<Obs _TYPE_="FROM" VARIABLE="F_Heart_Disease" LABEL="From: Heart_Disease" LEVEL="" EVENT="" ORDER="" FORMAT="" TYPE="C" COST="" USE=""/>
<Obs _TYPE_="INTO" VARIABLE="I_Heart_Disease" LABEL="Into: Heart_Disease" LEVEL="" EVENT="" ORDER="" FORMAT="" TYPE="C" COST="" USE=""/>
</Data>
<Metadata>
<Variable NAME="_TYPE_" LABEL="Type" LENGTH="32" FORMAT="" TYPE="C"/>
<Variable NAME="VARIABLE" LABEL="Variable" LENGTH="32" FORMAT="" TYPE="C"/>
<Variable NAME="LABEL" LABEL="Label" LENGTH="256" FORMAT="" TYPE="C"/>
<Variable NAME="LEVEL" LABEL="Measurement Level" LENGTH="32" FORMAT="" TYPE="C"/>
<Variable NAME="EVENT" LABEL="Target Event" LENGTH="32" FORMAT="" TYPE="C"/>
<Variable NAME="ORDER" LABEL="Order" LENGTH="10" FORMAT="" TYPE="C"/>
<Variable NAME="FORMAT" LABEL="Format" LENGTH="32" FORMAT="" TYPE="C"/>
<Variable NAME="TYPE" LABEL="Type" LENGTH="1" FORMAT="" TYPE="C"/>
<Variable NAME="COST" LABEL="Cost" LENGTH="32" FORMAT="" TYPE="C"/>
<Variable NAME="USE" LABEL="Use" LENGTH="1" FORMAT="" TYPE="C"/>
</Metadata>
</DecMeta>
</Heart_Disease>
</EmTargetAttributes>
<EmFileProperties>
<USERTRAINCODE Type="EXTERNAL" Extension="sas">
<Data/>
</USERTRAINCODE>
<EMNOTES Type="EXTERNAL" Extension="txt">
<Data/>
</EMNOTES>
</EmFileProperties>
</PROPERTIES>
</NODE>
<NODE CLASS="SASHELP.EMCORE.EXTENSION.CLASS" COMPONENT="DecisionTree" ID="Tree4" X="781" Y="847" DESCRIPTION="Decision Tree 4 branches" DIAGRAMID="_ROOT_" PARENTID="" TOOLTYPE="MODEL" TOOLPREFIX="Tree">
<PROPERTIES Location="CATALOG" Catalog="SASHELP.EMMODL.TREE.SOURCE" ToolType="MODEL" TrainMode="BATCH" ImportModel="N" Freeze="N" UseMultipleTarget="N" Precision="4" IntervalCriterion="PROBF" NominalCriterion="PROBCHISQ" OrdinalCriterion="ENTROPY" SigLevel="0.2" Splitsize="." LeafSize="5" MinCatSize="5" Maxbranch="4" Maxdepth="6" Nrules="5" Nsurrs="0" MissingValue="USEINSEARCH" UseVarOnce="N" SplitPrecision="4" Subtree="N" NSubtree="34" AssessMeasure="PROFIT/LOSS" AssessPercentage="0.25" NodeSample="20000" Exhaustive="5000" Kass="Y" KassApply="BEFORE" Depth="Y" Inputs="N" NumInputs="1" VarSelection="Y" Leafid="Y" NodeRole="SEGMENT" Performance="DISK" CV="N" CVNIter="10" CVRepeat="1" CVSeed="12345" ObsImportance="N" NumSingleImp="5" UseDecision="N" UsePriors="N" ClassColorBy="PERCENTCORRECT" IntColorBy="AVG" ShowNodeId="Y" ShowValid="Y" Pred="N" Target="ALL" Count="Y" ProfitLoss="NONE" PercentCorrect="N" AVG="Y" RASE="N" CreateSample="DEFAULT" SampleMethod="RANDOM" SampleSize="10000" SampleSeed="12345" ForceRun="N" RunAction="Train" Component="DecisionTree" Criterion="DEFAULT" Dummy="N" Predict="Y" ImportedTreeData="">
<VariableProperties/>
<EmTargetAttributes>
<Heart_Disease>
<DecData Table="EMWS1.Tree4_Heart_Disease_DD">
<Data>
<Obs HEART_DISEASE="YES" COUNT="17479" DATAPRIOR="0.5" TRAINPRIOR="0.5" DECPRIOR="." DECISION1="1" DECISION2="0"/>
<Obs HEART_DISEASE="NO" COUNT="17479" DATAPRIOR="0.5" TRAINPRIOR="0.5" DECPRIOR="." DECISION1="0" DECISION2="1"/>
</Data>
<Metadata>
<Variable NAME="Heart_Disease" LABEL="" LENGTH="32" FORMAT="" TYPE="C"/>
<Variable NAME="COUNT" LABEL="Level Counts" LENGTH="8" FORMAT="10." TYPE="N"/>
<Variable NAME="DATAPRIOR" LABEL="Data Proportions" LENGTH="8" FORMAT="" TYPE="N"/>
<Variable NAME="TRAINPRIOR" LABEL="Training Proportions" LENGTH="8" FORMAT="" TYPE="N"/>
<Variable NAME="DECPRIOR" LABEL="Decision Priors" LENGTH="8" FORMAT="" TYPE="N"/>
<Variable NAME="DECISION1" LABEL="YES" LENGTH="8" FORMAT="" TYPE="N"/>
<Variable NAME="DECISION2" LABEL="NO" LENGTH="8" FORMAT="" TYPE="N"/>
</Metadata>
</DecData>
<DecMeta Table="EMWS1.Tree4_Heart_Disease_DM">
<Data>
<Obs _TYPE_="MATRIX" VARIABLE="" LABEL="" LEVEL="PROFIT" EVENT="" ORDER="" FORMAT="" TYPE="" COST="" USE="N"/>
<Obs _TYPE_="TARGET" VARIABLE="Heart_Disease" LABEL="" LEVEL="BINARY" EVENT="YES" ORDER="" FORMAT="$3." TYPE="C" COST="" USE=""/>
<Obs _TYPE_="DECISION" VARIABLE="DECISION1" LABEL="YES" LEVEL="" EVENT="" ORDER="" FORMAT="" TYPE="N" COST="" USE="Y"/>
<Obs _TYPE_="DECISION" VARIABLE="DECISION2" LABEL="NO" LEVEL="" EVENT="" ORDER="" FORMAT="" TYPE="N" COST="" USE="Y"/>
<Obs _TYPE_="DATAPRIOR" VARIABLE="DATAPRIOR" LABEL="Data Prior" LEVEL="" EVENT="" ORDER="" FORMAT="" TYPE="N" COST="" USE="N"/>
<Obs _TYPE_="TRAINPRIOR" VARIABLE="TRAINPRIOR" LABEL="Training Prior" LEVEL="" EVENT="" ORDER="" FORMAT="" TYPE="N" COST="" USE="N"/>
<Obs _TYPE_="DECPRIOR" VARIABLE="DECPRIOR" LABEL="Decision Prior" LEVEL="" EVENT="" ORDER="" FORMAT="" TYPE="N" COST="" USE="N"/>
<Obs _TYPE_="PREDICTED" VARIABLE="P_Heart_DiseaseYes" LABEL="Predicted: Heart_Disease=Yes" LEVEL="YES" EVENT="" ORDER="" FORMAT="" TYPE="N" COST="" USE=""/>
<Obs _TYPE_="RESIDUAL" VARIABLE="R_Heart_DiseaseYes" LABEL="Residual: Heart_Disease=Yes" LEVEL="YES" EVENT="" ORDER="" FORMAT="" TYPE="N" COST="" USE=""/>
<Obs _TYPE_="PREDICTED" VARIABLE="P_Heart_DiseaseNo" LABEL="Predicted: Heart_Disease=No" LEVEL="NO" EVENT="" ORDER="" FORMAT="" TYPE="N" COST="" USE=""/>
<Obs _TYPE_="RESIDUAL" VARIABLE="R_Heart_DiseaseNo" LABEL="Residual: Heart_Disease=No" LEVEL="NO" EVENT="" ORDER="" FORMAT="" TYPE="N" COST="" USE=""/>
<Obs _TYPE_="FROM" VARIABLE="F_Heart_Disease" LABEL="From: Heart_Disease" LEVEL="" EVENT="" ORDER="" FORMAT="" TYPE="C" COST="" USE=""/>
<Obs _TYPE_="INTO" VARIABLE="I_Heart_Disease" LABEL="Into: Heart_Disease" LEVEL="" EVENT="" ORDER="" FORMAT="" TYPE="C" COST="" USE=""/>
</Data>
<Metadata>
<Variable NAME="_TYPE_" LABEL="Type" LENGTH="32" FORMAT="" TYPE="C"/>
<Variable NAME="VARIABLE" LABEL="Variable" LENGTH="32" FORMAT="" TYPE="C"/>
<Variable NAME="LABEL" LABEL="Label" LENGTH="256" FORMAT="" TYPE="C"/>
<Variable NAME="LEVEL" LABEL="Measurement Level" LENGTH="32" FORMAT="" TYPE="C"/>
<Variable NAME="EVENT" LABEL="Target Event" LENGTH="32" FORMAT="" TYPE="C"/>
<Variable NAME="ORDER" LABEL="Order" LENGTH="10" FORMAT="" TYPE="C"/>
<Variable NAME="FORMAT" LABEL="Format" LENGTH="32" FORMAT="" TYPE="C"/>
<Variable NAME="TYPE" LABEL="Type" LENGTH="1" FORMAT="" TYPE="C"/>
<Variable NAME="COST" LABEL="Cost" LENGTH="32" FORMAT="" TYPE="C"/>
<Variable NAME="USE" LABEL="Use" LENGTH="1" FORMAT="" TYPE="C"/>
</Metadata>
</DecMeta>
</Heart_Disease>
</EmTargetAttributes>
<EmVariableAttributes/>
<EmFileProperties>
<USERTRAINCODE Type="EXTERNAL" Extension="sas">
<Data/>
</USERTRAINCODE>
<EMNOTES Type="EXTERNAL" Extension="txt">
<Data/>
</EMNOTES>
</EmFileProperties>
</PROPERTIES>
</NODE>
</NODES>
<CONNECTIONS>
<CONNECTION FROM="FIMPORT" TO="GrfExpl"/>
<CONNECTION FROM="FIMPORT" TO="Stat"/>
<CONNECTION FROM="Stat" TO="Repl"/>
<CONNECTION FROM="Repl" TO="Stat2"/>
<CONNECTION FROM="Repl" TO="Drop"/>
<CONNECTION FROM="Drop" TO="Stat3"/>
<CONNECTION FROM="Drop" TO="Smpl"/>
<CONNECTION FROM="Smpl" TO="Part"/>
<CONNECTION FROM="Part" TO="HPTree2"/>
<CONNECTION FROM="Part" TO="Tree4"/>
<CONNECTION FROM="Part" TO="HPDMForest"/>
<CONNECTION FROM="Part" TO="Boost"/>
<CONNECTION FROM="Part" TO="HPTree"/>
<CONNECTION FROM="Part" TO="Tree2"/>
<CONNECTION FROM="Part" TO="Tree"/>
<CONNECTION FROM="Tree" TO="MdlComp"/>
<CONNECTION FROM="Tree2" TO="MdlComp"/>
<CONNECTION FROM="HPTree" TO="MdlComp"/>
<CONNECTION FROM="Boost" TO="MdlComp"/>
<CONNECTION FROM="HPDMForest" TO="MdlComp"/>
<CONNECTION FROM="Tree4" TO="MdlComp"/>
<CONNECTION FROM="HPTree2" TO="MdlComp"/>
<CONNECTION FROM="Reg" TO="HPNNA"/>
<CONNECTION FROM="Reg" TO="Neural"/>
<CONNECTION FROM="Neural" TO="MdlComp2"/>
<CONNECTION FROM="HPNNA" TO="MdlComp2"/>
<CONNECTION FROM="Part" TO="Reg"/>
<CONNECTION FROM="Boost" TO="MdlComp2"/>
<CONNECTION FROM="HPDMForest" TO="MdlComp2"/>
</CONNECTIONS>
<NOTES>
<DATA><![CDATA[

]]>
</DATA>
</NOTES>
</Workspace>
</_ROOT_>
