<?xml version="1.0" encoding="UTF-8"?><_ROOT_ EMVERSION="15.2" ORIENTATION="HORIZONTAL">
<Workspace>
<NODES>
<NODE CLASS="SASHELP.EMMDFY.EMDROP.CLASS" COMPONENT="Drop" ID="Drop" X="818" Y="161" DESCRIPTION="Drop" DIAGRAMID="_ROOT_" PARENTID="" TOOLTYPE="MODIFY" TOOLPREFIX="Drop">
<PROPERTIES DropFromTable="N" DropHidden="Y" DropInput="N" DropTarget="N" DropRejected="Y" DropAssess="N" DropPredict="N" DropFreq="N" DropClassification="N" DropResidual="N" DropOther="N" ForceRun="N" RunAction="Train" Component="Drop">
<VariableProperties/>
<EmVariableAttributes>
<DELTA Variable="Depression" AttributeName="DROP" AttributeValue="Y"/>
<DELTA Variable="FriedPotato_Consumption" AttributeName="DROP" AttributeValue="Y"/>
<DELTA Variable="Fruit_Consumption" AttributeName="DROP" AttributeValue="Y"/>
<DELTA Variable="Green_Vegetables_Consumption" AttributeName="DROP" AttributeValue="Y"/>
<DELTA Variable="Other_Cancer" AttributeName="DROP" AttributeValue="Y"/>
<DELTA Variable="REP_BMI" AttributeName="DROP" AttributeValue="Y"/>
<DELTA Variable="REP_Weight__kg_" AttributeName="DROP" AttributeValue="Y"/>
<DELTA Variable="Sex" AttributeName="DROP" AttributeValue="Y"/>
</EmVariableAttributes>
<EmTargetAttributes/>
<EmFileProperties>
<EMNOTES Type="EXTERNAL" Extension="txt">
<Data/>
</EMNOTES>
</EmFileProperties>
</PROPERTIES>
</NODE>
<NODE CLASS="SASHELP.EMCORE.EXTENSION.CLASS" COMPONENT="FileImport" ID="FIMPORT" X="418" Y="247" DESCRIPTION="File Import" DIAGRAMID="_ROOT_" PARENTID="" TOOLTYPE="SAMPLE" TOOLPREFIX="FIMPORT">
<PROPERTIES Location="CATALOG" Catalog="SASHELP.EMSAMP.Fimport.SOURCE" ImportType="Local" GuessRows="500" Delimiter="," NameRow="Y" SkipRows="0" MaxRows="1000000" MaxCols="10000" FileType="csv" Role="TRAIN" ForceRun="N" Summarize="N" AdvancedAdvisor="N" RunAction="Train" Component="FileImport" IFileName="C:\Users\Min Hui\Documents\Y2S2\DMPM\Cardiovascular disease\CVD_cleaned.csv" AccessTable="NoTableName" UserID="NoUserID" Password="NoPassword">
<VariableProperties/>
<EmVariableAttributes>
<DELTA Variable="Age_Category" AttributeName="LEVEL" AttributeValue="ORDINAL"/>
<DELTA Variable="Alcohol_Consumption" AttributeName="LEVEL" AttributeValue="NOMINAL"/>
<DELTA Variable="Arthritis" AttributeName="LEVEL" AttributeValue="BINARY"/>
<DELTA Variable="Checkup" AttributeName="LEVEL" AttributeValue="ORDINAL"/>
<DELTA Variable="Depression" AttributeName="LEVEL" AttributeValue="BINARY"/>
<DELTA Variable="Exercise" AttributeName="LEVEL" AttributeValue="BINARY"/>
<DELTA Variable="FriedPotato_Consumption" AttributeName="LEVEL" AttributeValue="NOMINAL"/>
<DELTA Variable="Fruit_Consumption" AttributeName="LEVEL" AttributeValue="NOMINAL"/>
<DELTA Variable="General_Health" AttributeName="LEVEL" AttributeValue="ORDINAL"/>
<DELTA Variable="Green_Vegetables_Consumption" AttributeName="LEVEL" AttributeValue="NOMINAL"/>
<DELTA Variable="Heart_Disease" AttributeName="ROLE" AttributeValue="TARGET"/>
<DELTA Variable="Heart_Disease" AttributeName="LEVEL" AttributeValue="BINARY"/>
<DELTA Variable="Height__cm_" AttributeName="ROLE" AttributeValue="REJECTED"/>
<DELTA Variable="Other_Cancer" AttributeName="LEVEL" AttributeValue="BINARY"/>
<DELTA Variable="Skin_Cancer" AttributeName="ROLE" AttributeValue="REJECTED"/>
<DELTA Variable="Skin_Cancer" AttributeName="LEVEL" AttributeValue="BINARY"/>
<DELTA Variable="Smoking_History" AttributeName="LEVEL" AttributeValue="BINARY"/>
</EmVariableAttributes>
<EmTargetAttributes/>
<EmFileProperties>
<USERTRAINCODE Type="EXTERNAL" Extension="sas">
<Data/>
</USERTRAINCODE>
<VARIABLESETDELTA Type="EXTERNAL" Extension="txt">
<Data><![CDATA[
if NAME=&quot;Age_Category&quot; then do;
ROLE=&quot;INPUT&quot;;
LEVEL=&quot;ORDINAL&quot;;
ORDER=&quot;&quot;;
DROP=&quot;N&quot;;
end;
if NAME=&quot;Alcohol_Consumption&quot; then do;
ROLE=&quot;INPUT&quot;;
LEVEL=&quot;NOMINAL&quot;;
ORDER=&quot;&quot;;
DROP=&quot;N&quot;;
end;
if NAME=&quot;Arthritis&quot; then do;
ROLE=&quot;INPUT&quot;;
LEVEL=&quot;BINARY&quot;;
ORDER=&quot;&quot;;
DROP=&quot;N&quot;;
end;
if NAME=&quot;Checkup&quot; then do;
ROLE=&quot;INPUT&quot;;
LEVEL=&quot;ORDINAL&quot;;
ORDER=&quot;&quot;;
DROP=&quot;N&quot;;
end;
if NAME=&quot;Depression&quot; then do;
ROLE=&quot;INPUT&quot;;
LEVEL=&quot;BINARY&quot;;
ORDER=&quot;&quot;;
DROP=&quot;N&quot;;
end;
if NAME=&quot;Exercise&quot; then do;
ROLE=&quot;INPUT&quot;;
LEVEL=&quot;BINARY&quot;;
ORDER=&quot;&quot;;
DROP=&quot;N&quot;;
end;
if NAME=&quot;FriedPotato_Consumption&quot; then do;
ROLE=&quot;INPUT&quot;;
LEVEL=&quot;NOMINAL&quot;;
ORDER=&quot;&quot;;
DROP=&quot;N&quot;;
end;
if NAME=&quot;Fruit_Consumption&quot; then do;
ROLE=&quot;INPUT&quot;;
LEVEL=&quot;NOMINAL&quot;;
ORDER=&quot;&quot;;
DROP=&quot;N&quot;;
end;
if NAME=&quot;General_Health&quot; then do;
ROLE=&quot;INPUT&quot;;
LEVEL=&quot;ORDINAL&quot;;
ORDER=&quot;&quot;;
DROP=&quot;N&quot;;
end;
if NAME=&quot;Green_Vegetables_Consumption&quot; then do;
ROLE=&quot;INPUT&quot;;
LEVEL=&quot;NOMINAL&quot;;
ORDER=&quot;&quot;;
DROP=&quot;N&quot;;
end;
if NAME=&quot;Heart_Disease&quot; then do;
ROLE=&quot;TARGET&quot;;
LEVEL=&quot;BINARY&quot;;
ORDER=&quot;&quot;;
DROP=&quot;N&quot;;
end;
if NAME=&quot;Height__cm_&quot; then do;
ROLE=&quot;REJECTED&quot;;
LEVEL=&quot;INTERVAL&quot;;
ORDER=&quot;&quot;;
DROP=&quot;N&quot;;
end;
if NAME=&quot;Other_Cancer&quot; then do;
ROLE=&quot;INPUT&quot;;
LEVEL=&quot;BINARY&quot;;
ORDER=&quot;&quot;;
DROP=&quot;N&quot;;
end;
if NAME=&quot;Skin_Cancer&quot; then do;
ROLE=&quot;REJECTED&quot;;
LEVEL=&quot;BINARY&quot;;
ORDER=&quot;&quot;;
DROP=&quot;N&quot;;
end;
if NAME=&quot;Smoking_History&quot; then do;
ROLE=&quot;INPUT&quot;;
LEVEL=&quot;BINARY&quot;;
ORDER=&quot;&quot;;
DROP=&quot;N&quot;;
end;
]]>
</Data>
</VARIABLESETDELTA>
<DELTACODE Type="EXTERNAL" Extension="txt">
<Data><![CDATA[
if NAME=&quot;Age_Category&quot; then do;
ROLE=&quot;INPUT&quot;;
LEVEL=&quot;ORDINAL&quot;;
ORDER=&quot;&quot;;
end;
if NAME=&quot;Alcohol_Consumption&quot; then do;
ROLE=&quot;INPUT&quot;;
LEVEL=&quot;NOMINAL&quot;;
ORDER=&quot;&quot;;
end;
if NAME=&quot;Arthritis&quot; then do;
ROLE=&quot;INPUT&quot;;
LEVEL=&quot;BINARY&quot;;
ORDER=&quot;&quot;;
end;
if NAME=&quot;Checkup&quot; then do;
ROLE=&quot;INPUT&quot;;
LEVEL=&quot;ORDINAL&quot;;
ORDER=&quot;&quot;;
end;
if NAME=&quot;Depression&quot; then do;
ROLE=&quot;INPUT&quot;;
LEVEL=&quot;BINARY&quot;;
ORDER=&quot;&quot;;
end;
if NAME=&quot;Exercise&quot; then do;
ROLE=&quot;INPUT&quot;;
LEVEL=&quot;BINARY&quot;;
ORDER=&quot;&quot;;
end;
if NAME=&quot;FriedPotato_Consumption&quot; then do;
ROLE=&quot;INPUT&quot;;
LEVEL=&quot;NOMINAL&quot;;
ORDER=&quot;&quot;;
end;
if NAME=&quot;Fruit_Consumption&quot; then do;
ROLE=&quot;INPUT&quot;;
LEVEL=&quot;NOMINAL&quot;;
ORDER=&quot;&quot;;
end;
if NAME=&quot;General_Health&quot; then do;
ROLE=&quot;INPUT&quot;;
LEVEL=&quot;ORDINAL&quot;;
ORDER=&quot;&quot;;
end;
if NAME=&quot;Green_Vegetables_Consumption&quot; then do;
ROLE=&quot;INPUT&quot;;
LEVEL=&quot;NOMINAL&quot;;
ORDER=&quot;&quot;;
end;
if NAME=&quot;Heart_Disease&quot; then do;
ROLE=&quot;TARGET&quot;;
LEVEL=&quot;BINARY&quot;;
ORDER=&quot;&quot;;
end;
if NAME=&quot;Height__cm_&quot; then do;
ROLE=&quot;REJECTED&quot;;
LEVEL=&quot;INTERVAL&quot;;
ORDER=&quot;&quot;;
end;
if NAME=&quot;Other_Cancer&quot; then do;
ROLE=&quot;INPUT&quot;;
LEVEL=&quot;BINARY&quot;;
ORDER=&quot;&quot;;
end;
if NAME=&quot;Skin_Cancer&quot; then do;
ROLE=&quot;REJECTED&quot;;
LEVEL=&quot;BINARY&quot;;
ORDER=&quot;&quot;;
end;
if NAME=&quot;Smoking_History&quot; then do;
ROLE=&quot;INPUT&quot;;
LEVEL=&quot;BINARY&quot;;
ORDER=&quot;&quot;;
end;
drop DROP;
]]>
</Data>
</DELTACODE>
<EMNOTES Type="EXTERNAL" Extension="txt">
<Data/>
</EMNOTES>
</EmFileProperties>
</PROPERTIES>
</NODE>
<NODE CLASS="SASHELP.EMCORE.EXTENSION.CLASS" COMPONENT="GraphExplore" ID="GrfExpl" X="593" Y="180" DESCRIPTION="Graph Explore" DIAGRAMID="_ROOT_" PARENTID="" TOOLTYPE="EXPLORE" TOOLPREFIX="GrfExpl">
<PROPERTIES Location="CATALOG" Catalog="SASHELP.EMEXPL.GRAPHEXPLORE.SOURCE" EmSampleMethod="FIRSTN" EmSampleSize="MAX" EmRandomSeed="12345" Target="Y" GroupByTarget="Y" ForceRun="N" RunAction="Train" Component="GraphExplore" DataSource="SAMPLE" DataNeeded="Y">
<VariableProperties/>
<EmVariableAttributes/>
<EmTargetAttributes/>
<EmFileProperties>
<USERTRAINCODE Type="EXTERNAL" Extension="sas">
<Data/>
</USERTRAINCODE>
<EMNOTES Type="EXTERNAL" Extension="txt">
<Data/>
</EMNOTES>
</EmFileProperties>
</PROPERTIES>
</NODE>
<NODE CLASS="SASHELP.EMCORE.EXTENSION.CLASS" COMPONENT="HPDMNeural" ID="HPNNA" X="1729" Y="415" DESCRIPTION="HP Neural (ForwardReg-3 hidden layer)" DIAGRAMID="_ROOT_" PARENTID="" TOOLTYPE="MODEL" TOOLPREFIX="HPNNA">
<PROPERTIES Location="CATALOG" Catalog="SASHELP.HPDM.HPDMNEURAL.SOURCE" ToolType="MODEL" InputStd="RANGE" HIDDEN="3" HIDDENLAYERS="3" ARCHITECTURE="USERDEFINED" DIRECTCONN="N" TargetStd="RANGE" TargetActivation="IDENTITY" TargetError="NORMAL" OPTMETHOD="LBFGS" NUMTRIES="2" MAXITER="1000" USEVALID="N" USEINVERSE="N" MISSASLVL="N" MAXLINKS="1000" ForceRun="N" RunAction="Train" Component="HPDMNeural" TableEditor="">
<VariableProperties/>
<EmVariableAttributes/>
<EmTargetAttributes/>
<EmFileProperties>
<USERTRAINCODE Type="EXTERNAL" Extension="sas">
<Data/>
</USERTRAINCODE>
<HIDDENOPTIONS Type="DATA">
<Data>
<Obs _OBSID_="1" LAYER="1" ACTFUNC="TANH" NEURONS="6"/>
<Obs _OBSID_="2" LAYER="2" ACTFUNC="TANH" NEURONS="4"/>
<Obs _OBSID_="3" LAYER="3" ACTFUNC="TANH" NEURONS="3"/>
</Data>
<Metadata>
<Variable NAME="_OBSID_" LABEL="ObsID" LENGTH="8" FORMAT="" TYPE="N"/>
<Variable NAME="Layer" LABEL="Layer" LENGTH="4" FORMAT="" TYPE="N"/>
<Variable NAME="ActFunc" LABEL="Activation Function" LENGTH="8" FORMAT="" TYPE="C"/>
<Variable NAME="Neurons" LABEL="Number of Neurons" LENGTH="4" FORMAT="" TYPE="N"/>
</Metadata>
</HIDDENOPTIONS>
<EMNOTES Type="EXTERNAL" Extension="txt">
<Data/>
</EMNOTES>
</EmFileProperties>
</PROPERTIES>
</NODE>
<NODE CLASS="SASHELP.EMCORE.EXTENSION.CLASS" COMPONENT="HPDMNeural" ID="HPNNA10" X="1723" Y="899" DESCRIPTION="HP Neural (VariableSelection-2 hidden layer)" DIAGRAMID="_ROOT_" PARENTID="" TOOLTYPE="MODEL" TOOLPREFIX="HPNNA">
<PROPERTIES Location="CATALOG" Catalog="SASHELP.HPDM.HPDMNeural.SOURCE" ToolType="MODEL" InputStd="RANGE" HIDDEN="3" HIDDENLAYERS="2" ARCHITECTURE="USERDEFINED" DIRECTCONN="N" TargetStd="RANGE" TargetActivation="IDENTITY" TargetError="NORMAL" OPTMETHOD="LBFGS" NUMTRIES="2" MAXITER="1000" USEVALID="N" USEINVERSE="N" MISSASLVL="N" MAXLINKS="1000" ForceRun="N" RunAction="Train" Component="HPDMNeural" TableEditor="">
<VariableProperties/>
<EmTargetAttributes>
<Heart_Disease>
<DecData Table="EMWS4.HPNNA10_Heart_Disease_DD">
<Data>
<Obs HEART_DISEASE="YES" COUNT="17479" DATAPRIOR="0.5" TRAINPRIOR="0.5" DECPRIOR="." DECISION1="1" DECISION2="0"/>
<Obs HEART_DISEASE="NO" COUNT="17479" DATAPRIOR="0.5" TRAINPRIOR="0.5" DECPRIOR="." DECISION1="0" DECISION2="1"/>
</Data>
<Metadata>
<Variable NAME="Heart_Disease" LABEL="" LENGTH="32" FORMAT="" TYPE="C"/>
<Variable NAME="COUNT" LABEL="Level Counts" LENGTH="8" FORMAT="10." TYPE="N"/>
<Variable NAME="DATAPRIOR" LABEL="Data Proportions" LENGTH="8" FORMAT="" TYPE="N"/>
<Variable NAME="TRAINPRIOR" LABEL="Training Proportions" LENGTH="8" FORMAT="" TYPE="N"/>
<Variable NAME="DECPRIOR" LABEL="Decision Priors" LENGTH="8" FORMAT="" TYPE="N"/>
<Variable NAME="DECISION1" LABEL="YES" LENGTH="8" FORMAT="" TYPE="N"/>
<Variable NAME="DECISION2" LABEL="NO" LENGTH="8" FORMAT="" TYPE="N"/>
</Metadata>
</DecData>
<DecMeta Table="EMWS4.HPNNA10_Heart_Disease_DM">
<Data>
<Obs _TYPE_="MATRIX" VARIABLE="" LABEL="" LEVEL="PROFIT" EVENT="" ORDER="" FORMAT="" TYPE="" COST="" USE="N"/>
<Obs _TYPE_="TARGET" VARIABLE="Heart_Disease" LABEL="" LEVEL="BINARY" EVENT="YES" ORDER="" FORMAT="$3." TYPE="C" COST="" USE=""/>
<Obs _TYPE_="DECISION" VARIABLE="DECISION1" LABEL="YES" LEVEL="" EVENT="" ORDER="" FORMAT="" TYPE="N" COST="" USE="Y"/>
<Obs _TYPE_="DECISION" VARIABLE="DECISION2" LABEL="NO" LEVEL="" EVENT="" ORDER="" FORMAT="" TYPE="N" COST="" USE="Y"/>
<Obs _TYPE_="DATAPRIOR" VARIABLE="DATAPRIOR" LABEL="Data Prior" LEVEL="" EVENT="" ORDER="" FORMAT="" TYPE="N" COST="" USE="N"/>
<Obs _TYPE_="TRAINPRIOR" VARIABLE="TRAINPRIOR" LABEL="Training Prior" LEVEL="" EVENT="" ORDER="" FORMAT="" TYPE="N" COST="" USE="N"/>
<Obs _TYPE_="DECPRIOR" VARIABLE="DECPRIOR" LABEL="Decision Prior" LEVEL="" EVENT="" ORDER="" FORMAT="" TYPE="N" COST="" USE="N"/>
<Obs _TYPE_="PREDICTED" VARIABLE="P_Heart_DiseaseYes" LABEL="Predicted: Heart_Disease=Yes" LEVEL="YES" EVENT="" ORDER="" FORMAT="" TYPE="N" COST="" USE=""/>
<Obs _TYPE_="RESIDUAL" VARIABLE="R_Heart_DiseaseYes" LABEL="Residual: Heart_Disease=Yes" LEVEL="YES" EVENT="" ORDER="" FORMAT="" TYPE="N" COST="" USE=""/>
<Obs _TYPE_="PREDICTED" VARIABLE="P_Heart_DiseaseNo" LABEL="Predicted: Heart_Disease=No" LEVEL="NO" EVENT="" ORDER="" FORMAT="" TYPE="N" COST="" USE=""/>
<Obs _TYPE_="RESIDUAL" VARIABLE="R_Heart_DiseaseNo" LABEL="Residual: Heart_Disease=No" LEVEL="NO" EVENT="" ORDER="" FORMAT="" TYPE="N" COST="" USE=""/>
<Obs _TYPE_="FROM" VARIABLE="F_Heart_Disease" LABEL="From: Heart_Disease" LEVEL="" EVENT="" ORDER="" FORMAT="" TYPE="C" COST="" USE=""/>
<Obs _TYPE_="INTO" VARIABLE="I_Heart_Disease" LABEL="Into: Heart_Disease" LEVEL="" EVENT="" ORDER="" FORMAT="" TYPE="C" COST="" USE=""/>
</Data>
<Metadata>
<Variable NAME="_TYPE_" LABEL="Type" LENGTH="32" FORMAT="" TYPE="C"/>
<Variable NAME="VARIABLE" LABEL="Variable" LENGTH="32" FORMAT="" TYPE="C"/>
<Variable NAME="LABEL" LABEL="Label" LENGTH="256" FORMAT="" TYPE="C"/>
<Variable NAME="LEVEL" LABEL="Measurement Level" LENGTH="32" FORMAT="" TYPE="C"/>
<Variable NAME="EVENT" LABEL="Target Event" LENGTH="32" FORMAT="" TYPE="C"/>
<Variable NAME="ORDER" LABEL="Order" LENGTH="10" FORMAT="" TYPE="C"/>
<Variable NAME="FORMAT" LABEL="Format" LENGTH="32" FORMAT="" TYPE="C"/>
<Variable NAME="TYPE" LABEL="Type" LENGTH="1" FORMAT="" TYPE="C"/>
<Variable NAME="COST" LABEL="Cost" LENGTH="32" FORMAT="" TYPE="C"/>
<Variable NAME="USE" LABEL="Use" LENGTH="1" FORMAT="" TYPE="C"/>
</Metadata>
</DecMeta>
</Heart_Disease>
</EmTargetAttributes>
<EmVariableAttributes/>
<EmFileProperties>
<USERTRAINCODE Type="EXTERNAL" Extension="sas">
<Data/>
</USERTRAINCODE>
<HIDDENOPTIONS Type="DATA">
<Data>
<Obs _OBSID_="1" LAYER="1" ACTFUNC="TANH" NEURONS="6"/>
<Obs _OBSID_="2" LAYER="2" ACTFUNC="TANH" NEURONS="3"/>
</Data>
<Metadata>
<Variable NAME="_OBSID_" LABEL="ObsID" LENGTH="8" FORMAT="" TYPE="N"/>
<Variable NAME="Layer" LABEL="Layer" LENGTH="4" FORMAT="" TYPE="N"/>
<Variable NAME="ActFunc" LABEL="Activation Function" LENGTH="8" FORMAT="" TYPE="C"/>
<Variable NAME="Neurons" LABEL="Number of Neurons" LENGTH="4" FORMAT="" TYPE="N"/>
</Metadata>
</HIDDENOPTIONS>
<EMNOTES Type="EXTERNAL" Extension="txt">
<Data/>
</EMNOTES>
</EmFileProperties>
</PROPERTIES>
</NODE>
<NODE CLASS="SASHELP.EMCORE.EXTENSION.CLASS" COMPONENT="HPDMNeural" ID="HPNNA11" X="1720" Y="972" DESCRIPTION="HP Neural (VariableSelection-3 hidden layer)" DIAGRAMID="_ROOT_" PARENTID="" TOOLTYPE="MODEL" TOOLPREFIX="HPNNA">
<PROPERTIES Location="CATALOG" Catalog="SASHELP.HPDM.HPDMNeural.SOURCE" ToolType="MODEL" InputStd="RANGE" HIDDEN="3" HIDDENLAYERS="3" ARCHITECTURE="USERDEFINED" DIRECTCONN="N" TargetStd="RANGE" TargetActivation="IDENTITY" TargetError="NORMAL" OPTMETHOD="LBFGS" NUMTRIES="2" MAXITER="1000" USEVALID="N" USEINVERSE="N" MISSASLVL="N" MAXLINKS="1000" ForceRun="N" RunAction="Train" Component="HPDMNeural" TableEditor="">
<VariableProperties/>
<EmTargetAttributes>
<Heart_Disease>
<DecData Table="EMWS4.HPNNA11_Heart_Disease_DD">
<Data>
<Obs HEART_DISEASE="YES" COUNT="17479" DATAPRIOR="0.5" TRAINPRIOR="0.5" DECPRIOR="." DECISION1="1" DECISION2="0"/>
<Obs HEART_DISEASE="NO" COUNT="17479" DATAPRIOR="0.5" TRAINPRIOR="0.5" DECPRIOR="." DECISION1="0" DECISION2="1"/>
</Data>
<Metadata>
<Variable NAME="Heart_Disease" LABEL="" LENGTH="32" FORMAT="" TYPE="C"/>
<Variable NAME="COUNT" LABEL="Level Counts" LENGTH="8" FORMAT="10." TYPE="N"/>
<Variable NAME="DATAPRIOR" LABEL="Data Proportions" LENGTH="8" FORMAT="" TYPE="N"/>
<Variable NAME="TRAINPRIOR" LABEL="Training Proportions" LENGTH="8" FORMAT="" TYPE="N"/>
<Variable NAME="DECPRIOR" LABEL="Decision Priors" LENGTH="8" FORMAT="" TYPE="N"/>
<Variable NAME="DECISION1" LABEL="YES" LENGTH="8" FORMAT="" TYPE="N"/>
<Variable NAME="DECISION2" LABEL="NO" LENGTH="8" FORMAT="" TYPE="N"/>
</Metadata>
</DecData>
<DecMeta Table="EMWS4.HPNNA11_Heart_Disease_DM">
<Data>
<Obs _TYPE_="MATRIX" VARIABLE="" LABEL="" LEVEL="PROFIT" EVENT="" ORDER="" FORMAT="" TYPE="" COST="" USE="N"/>
<Obs _TYPE_="TARGET" VARIABLE="Heart_Disease" LABEL="" LEVEL="BINARY" EVENT="YES" ORDER="" FORMAT="$3." TYPE="C" COST="" USE=""/>
<Obs _TYPE_="DECISION" VARIABLE="DECISION1" LABEL="YES" LEVEL="" EVENT="" ORDER="" FORMAT="" TYPE="N" COST="" USE="Y"/>
<Obs _TYPE_="DECISION" VARIABLE="DECISION2" LABEL="NO" LEVEL="" EVENT="" ORDER="" FORMAT="" TYPE="N" COST="" USE="Y"/>
<Obs _TYPE_="DATAPRIOR" VARIABLE="DATAPRIOR" LABEL="Data Prior" LEVEL="" EVENT="" ORDER="" FORMAT="" TYPE="N" COST="" USE="N"/>
<Obs _TYPE_="TRAINPRIOR" VARIABLE="TRAINPRIOR" LABEL="Training Prior" LEVEL="" EVENT="" ORDER="" FORMAT="" TYPE="N" COST="" USE="N"/>
<Obs _TYPE_="DECPRIOR" VARIABLE="DECPRIOR" LABEL="Decision Prior" LEVEL="" EVENT="" ORDER="" FORMAT="" TYPE="N" COST="" USE="N"/>
<Obs _TYPE_="PREDICTED" VARIABLE="P_Heart_DiseaseYes" LABEL="Predicted: Heart_Disease=Yes" LEVEL="YES" EVENT="" ORDER="" FORMAT="" TYPE="N" COST="" USE=""/>
<Obs _TYPE_="RESIDUAL" VARIABLE="R_Heart_DiseaseYes" LABEL="Residual: Heart_Disease=Yes" LEVEL="YES" EVENT="" ORDER="" FORMAT="" TYPE="N" COST="" USE=""/>
<Obs _TYPE_="PREDICTED" VARIABLE="P_Heart_DiseaseNo" LABEL="Predicted: Heart_Disease=No" LEVEL="NO" EVENT="" ORDER="" FORMAT="" TYPE="N" COST="" USE=""/>
<Obs _TYPE_="RESIDUAL" VARIABLE="R_Heart_DiseaseNo" LABEL="Residual: Heart_Disease=No" LEVEL="NO" EVENT="" ORDER="" FORMAT="" TYPE="N" COST="" USE=""/>
<Obs _TYPE_="FROM" VARIABLE="F_Heart_Disease" LABEL="From: Heart_Disease" LEVEL="" EVENT="" ORDER="" FORMAT="" TYPE="C" COST="" USE=""/>
<Obs _TYPE_="INTO" VARIABLE="I_Heart_Disease" LABEL="Into: Heart_Disease" LEVEL="" EVENT="" ORDER="" FORMAT="" TYPE="C" COST="" USE=""/>
</Data>
<Metadata>
<Variable NAME="_TYPE_" LABEL="Type" LENGTH="32" FORMAT="" TYPE="C"/>
<Variable NAME="VARIABLE" LABEL="Variable" LENGTH="32" FORMAT="" TYPE="C"/>
<Variable NAME="LABEL" LABEL="Label" LENGTH="256" FORMAT="" TYPE="C"/>
<Variable NAME="LEVEL" LABEL="Measurement Level" LENGTH="32" FORMAT="" TYPE="C"/>
<Variable NAME="EVENT" LABEL="Target Event" LENGTH="32" FORMAT="" TYPE="C"/>
<Variable NAME="ORDER" LABEL="Order" LENGTH="10" FORMAT="" TYPE="C"/>
<Variable NAME="FORMAT" LABEL="Format" LENGTH="32" FORMAT="" TYPE="C"/>
<Variable NAME="TYPE" LABEL="Type" LENGTH="1" FORMAT="" TYPE="C"/>
<Variable NAME="COST" LABEL="Cost" LENGTH="32" FORMAT="" TYPE="C"/>
<Variable NAME="USE" LABEL="Use" LENGTH="1" FORMAT="" TYPE="C"/>
</Metadata>
</DecMeta>
</Heart_Disease>
</EmTargetAttributes>
<EmVariableAttributes/>
<EmFileProperties>
<USERTRAINCODE Type="EXTERNAL" Extension="sas">
<Data/>
</USERTRAINCODE>
<HIDDENOPTIONS Type="DATA">
<Data>
<Obs _OBSID_="1" LAYER="1" ACTFUNC="TANH" NEURONS="6"/>
<Obs _OBSID_="2" LAYER="2" ACTFUNC="TANH" NEURONS="4"/>
<Obs _OBSID_="3" LAYER="3" ACTFUNC="TANH" NEURONS="3"/>
</Data>
<Metadata>
<Variable NAME="_OBSID_" LABEL="ObsID" LENGTH="8" FORMAT="" TYPE="N"/>
<Variable NAME="Layer" LABEL="Layer" LENGTH="4" FORMAT="" TYPE="N"/>
<Variable NAME="ActFunc" LABEL="Activation Function" LENGTH="8" FORMAT="" TYPE="C"/>
<Variable NAME="Neurons" LABEL="Number of Neurons" LENGTH="4" FORMAT="" TYPE="N"/>
</Metadata>
</HIDDENOPTIONS>
<EMNOTES Type="EXTERNAL" Extension="txt">
<Data/>
</EMNOTES>
</EmFileProperties>
</PROPERTIES>
</NODE>
<NODE CLASS="SASHELP.EMCORE.EXTENSION.CLASS" COMPONENT="HPDMNeural" ID="HPNNA2" X="1722" Y="330" DESCRIPTION="HP Neural (ForwardReg-2 layer)" DIAGRAMID="_ROOT_" PARENTID="" TOOLTYPE="MODEL" TOOLPREFIX="HPNNA">
<PROPERTIES Location="CATALOG" Catalog="SASHELP.HPDM.HPDMNeural.SOURCE" ToolType="MODEL" InputStd="RANGE" HIDDEN="3" HIDDENLAYERS="2" ARCHITECTURE="USERDEFINED" DIRECTCONN="N" TargetStd="RANGE" TargetActivation="IDENTITY" TargetError="NORMAL" OPTMETHOD="LBFGS" NUMTRIES="2" MAXITER="1000" USEVALID="N" USEINVERSE="N" MISSASLVL="N" MAXLINKS="1000" ForceRun="N" RunAction="Train" Component="HPDMNeural" TableEditor="">
<VariableProperties/>
<EmTargetAttributes/>
<EmVariableAttributes/>
<EmFileProperties>
<USERTRAINCODE Type="EXTERNAL" Extension="sas">
<Data/>
</USERTRAINCODE>
<HIDDENOPTIONS Type="DATA">
<Data>
<Obs _OBSID_="1" LAYER="1" ACTFUNC="TANH" NEURONS="6"/>
<Obs _OBSID_="2" LAYER="2" ACTFUNC="TANH" NEURONS="3"/>
</Data>
<Metadata>
<Variable NAME="_OBSID_" LABEL="ObsID" LENGTH="8" FORMAT="" TYPE="N"/>
<Variable NAME="Layer" LABEL="Layer" LENGTH="4" FORMAT="" TYPE="N"/>
<Variable NAME="ActFunc" LABEL="Activation Function" LENGTH="8" FORMAT="" TYPE="C"/>
<Variable NAME="Neurons" LABEL="Number of Neurons" LENGTH="4" FORMAT="" TYPE="N"/>
</Metadata>
</HIDDENOPTIONS>
<EMNOTES Type="EXTERNAL" Extension="txt">
<Data/>
</EMNOTES>
</EmFileProperties>
</PROPERTIES>
</NODE>
<NODE CLASS="SASHELP.EMCORE.EXTENSION.CLASS" COMPONENT="HPDMNeural" ID="HPNNA4" X="1724" Y="527" DESCRIPTION="HP Neural (BackwardReg-2 layer)" DIAGRAMID="_ROOT_" PARENTID="" TOOLTYPE="MODEL" TOOLPREFIX="HPNNA">
<PROPERTIES Location="CATALOG" Catalog="SASHELP.HPDM.HPDMNeural.SOURCE" ToolType="MODEL" InputStd="RANGE" HIDDEN="3" HIDDENLAYERS="2" ARCHITECTURE="USERDEFINED" DIRECTCONN="N" TargetStd="RANGE" TargetActivation="IDENTITY" TargetError="NORMAL" OPTMETHOD="LBFGS" NUMTRIES="2" MAXITER="1000" USEVALID="N" USEINVERSE="N" MISSASLVL="N" MAXLINKS="1000" ForceRun="N" RunAction="Train" Component="HPDMNeural" TableEditor="">
<VariableProperties/>
<EmTargetAttributes/>
<EmVariableAttributes/>
<EmFileProperties>
<USERTRAINCODE Type="EXTERNAL" Extension="sas">
<Data/>
</USERTRAINCODE>
<HIDDENOPTIONS Type="DATA">
<Data>
<Obs _OBSID_="1" LAYER="1" ACTFUNC="TANH" NEURONS="6"/>
<Obs _OBSID_="2" LAYER="2" ACTFUNC="TANH" NEURONS="3"/>
</Data>
<Metadata>
<Variable NAME="_OBSID_" LABEL="ObsID" LENGTH="8" FORMAT="" TYPE="N"/>
<Variable NAME="Layer" LABEL="Layer" LENGTH="4" FORMAT="" TYPE="N"/>
<Variable NAME="ActFunc" LABEL="Activation Function" LENGTH="8" FORMAT="" TYPE="C"/>
<Variable NAME="Neurons" LABEL="Number of Neurons" LENGTH="4" FORMAT="" TYPE="N"/>
</Metadata>
</HIDDENOPTIONS>
<EMNOTES Type="EXTERNAL" Extension="txt">
<Data/>
</EMNOTES>
</EmFileProperties>
</PROPERTIES>
</NODE>
<NODE CLASS="SASHELP.EMCORE.EXTENSION.CLASS" COMPONENT="HPDMNeural" ID="HPNNA5" X="1722" Y="600" DESCRIPTION="HP Neural (BackwardReg-3 hidden layer)" DIAGRAMID="_ROOT_" PARENTID="" TOOLTYPE="MODEL" TOOLPREFIX="HPNNA">
<PROPERTIES Location="CATALOG" Catalog="SASHELP.HPDM.HPDMNeural.SOURCE" ToolType="MODEL" InputStd="RANGE" HIDDEN="3" HIDDENLAYERS="3" ARCHITECTURE="USERDEFINED" DIRECTCONN="N" TargetStd="RANGE" TargetActivation="IDENTITY" TargetError="NORMAL" OPTMETHOD="LBFGS" NUMTRIES="2" MAXITER="1000" USEVALID="N" USEINVERSE="N" MISSASLVL="N" MAXLINKS="1000" ForceRun="N" RunAction="Train" Component="HPDMNeural" TableEditor="">
<VariableProperties/>
<EmTargetAttributes/>
<EmVariableAttributes/>
<EmFileProperties>
<USERTRAINCODE Type="EXTERNAL" Extension="sas">
<Data/>
</USERTRAINCODE>
<HIDDENOPTIONS Type="DATA">
<Data>
<Obs _OBSID_="1" LAYER="1" ACTFUNC="TANH" NEURONS="6"/>
<Obs _OBSID_="2" LAYER="2" ACTFUNC="TANH" NEURONS="4"/>
<Obs _OBSID_="3" LAYER="3" ACTFUNC="TANH" NEURONS="3"/>
</Data>
<Metadata>
<Variable NAME="_OBSID_" LABEL="ObsID" LENGTH="8" FORMAT="" TYPE="N"/>
<Variable NAME="Layer" LABEL="Layer" LENGTH="4" FORMAT="" TYPE="N"/>
<Variable NAME="ActFunc" LABEL="Activation Function" LENGTH="8" FORMAT="" TYPE="C"/>
<Variable NAME="Neurons" LABEL="Number of Neurons" LENGTH="4" FORMAT="" TYPE="N"/>
</Metadata>
</HIDDENOPTIONS>
<EMNOTES Type="EXTERNAL" Extension="txt">
<Data/>
</EMNOTES>
</EmFileProperties>
</PROPERTIES>
</NODE>
<NODE CLASS="SASHELP.EMCORE.EXTENSION.CLASS" COMPONENT="HPDMNeural" ID="HPNNA7" X="1729" Y="714" DESCRIPTION="HP Neural (HPReg-2 hidden layer)" DIAGRAMID="_ROOT_" PARENTID="" TOOLTYPE="MODEL" TOOLPREFIX="HPNNA">
<PROPERTIES Location="CATALOG" Catalog="SASHELP.HPDM.HPDMNeural.SOURCE" ToolType="MODEL" InputStd="RANGE" HIDDEN="3" HIDDENLAYERS="2" ARCHITECTURE="USERDEFINED" DIRECTCONN="N" TargetStd="RANGE" TargetActivation="IDENTITY" TargetError="NORMAL" OPTMETHOD="LBFGS" NUMTRIES="2" MAXITER="1000" USEVALID="N" USEINVERSE="N" MISSASLVL="N" MAXLINKS="1000" ForceRun="N" RunAction="Train" Component="HPDMNeural" TableEditor="">
<VariableProperties/>
<EmTargetAttributes/>
<EmVariableAttributes/>
<EmFileProperties>
<USERTRAINCODE Type="EXTERNAL" Extension="sas">
<Data/>
</USERTRAINCODE>
<HIDDENOPTIONS Type="DATA">
<Data>
<Obs _OBSID_="1" LAYER="1" ACTFUNC="TANH" NEURONS="6"/>
<Obs _OBSID_="2" LAYER="2" ACTFUNC="TANH" NEURONS="3"/>
</Data>
<Metadata>
<Variable NAME="_OBSID_" LABEL="ObsID" LENGTH="8" FORMAT="" TYPE="N"/>
<Variable NAME="Layer" LABEL="Layer" LENGTH="4" FORMAT="" TYPE="N"/>
<Variable NAME="ActFunc" LABEL="Activation Function" LENGTH="8" FORMAT="" TYPE="C"/>
<Variable NAME="Neurons" LABEL="Number of Neurons" LENGTH="4" FORMAT="" TYPE="N"/>
</Metadata>
</HIDDENOPTIONS>
<EMNOTES Type="EXTERNAL" Extension="txt">
<Data/>
</EMNOTES>
</EmFileProperties>
</PROPERTIES>
</NODE>
<NODE CLASS="SASHELP.EMCORE.EXTENSION.CLASS" COMPONENT="HPDMNeural" ID="HPNNA8" X="1726" Y="799" DESCRIPTION="HP Neural (HPReg-3 hidden layer)" DIAGRAMID="_ROOT_" PARENTID="" TOOLTYPE="MODEL" TOOLPREFIX="HPNNA">
<PROPERTIES Location="CATALOG" Catalog="SASHELP.HPDM.HPDMNeural.SOURCE" ToolType="MODEL" InputStd="RANGE" HIDDEN="3" HIDDENLAYERS="3" ARCHITECTURE="USERDEFINED" DIRECTCONN="N" TargetStd="RANGE" TargetActivation="IDENTITY" TargetError="NORMAL" OPTMETHOD="LBFGS" NUMTRIES="2" MAXITER="1000" USEVALID="N" USEINVERSE="N" MISSASLVL="N" MAXLINKS="1000" ForceRun="N" RunAction="Train" Component="HPDMNeural" TableEditor="">
<VariableProperties/>
<EmTargetAttributes/>
<EmVariableAttributes/>
<EmFileProperties>
<USERTRAINCODE Type="EXTERNAL" Extension="sas">
<Data/>
</USERTRAINCODE>
<HIDDENOPTIONS Type="DATA">
<Data>
<Obs _OBSID_="1" LAYER="1" ACTFUNC="TANH" NEURONS="6"/>
<Obs _OBSID_="2" LAYER="2" ACTFUNC="TANH" NEURONS="4"/>
<Obs _OBSID_="3" LAYER="3" ACTFUNC="TANH" NEURONS="3"/>
</Data>
<Metadata>
<Variable NAME="_OBSID_" LABEL="ObsID" LENGTH="8" FORMAT="" TYPE="N"/>
<Variable NAME="Layer" LABEL="Layer" LENGTH="4" FORMAT="" TYPE="N"/>
<Variable NAME="ActFunc" LABEL="Activation Function" LENGTH="8" FORMAT="" TYPE="C"/>
<Variable NAME="Neurons" LABEL="Number of Neurons" LENGTH="4" FORMAT="" TYPE="N"/>
</Metadata>
</HIDDENOPTIONS>
<EMNOTES Type="EXTERNAL" Extension="txt">
<Data/>
</EMNOTES>
</EmFileProperties>
</PROPERTIES>
</NODE>
<NODE CLASS="SASHELP.EMCORE.EXTENSION.CLASS" COMPONENT="HPDMReg" ID="HPReg" X="1006" Y="776" DESCRIPTION="HP Regression" DIAGRAMID="_ROOT_" PARENTID="" TOOLTYPE="MODEL" TOOLPREFIX="HPReg">
<PROPERTIES Location="CATALOG" Catalog="SASHELP.HPDM.HPREG.SOURCE" MainEffect="Y" TwoFactor="N" Polynomial="Y" PolynomialDegree="2" SuppressIntercept="N" MISSASLVL="N" Error="LOGISTIC" LinkFunction="LOGIT" SelectMethod="STEPWISE" SelectCriterion="DEFAULT" StopCriterion="DEFAULT" SLEntry="0.05" SLStay="0.05" MaxEffects="0" MinEffects="0" Hierarchy="NONE" MaxSteps="0" SuppressOutput="N" ABSCONV="." ABSFCONV="." ABSGCONV="." FCONV="." GCONV="." TECH="NRRIDG" MAXITER="." MAXFUNC="." MAXTIME="." MINITER="." NORMALIZE="Y" EXCLUDEDVARIABLE="REJECT" ForceRun="N" RunAction="Train" Component="HPDMReg" NCPU="Actual" NNode="0" NThreads="Default" Host="Local" Timeout="120" LogDetails="N" Term="Y" Interactions="" SelectUseDefault="Y">
<VariableProperties/>
<EmVariableAttributes/>
<EmTargetAttributes>
<Heart_Disease>
<DecData Table="EMWS4.HPReg_Heart_Disease_DD">
<Data>
<Obs HEART_DISEASE="YES" COUNT="17479" DATAPRIOR="0.5" TRAINPRIOR="0.5" DECPRIOR="." DECISION1="1" DECISION2="0"/>
<Obs HEART_DISEASE="NO" COUNT="17479" DATAPRIOR="0.5" TRAINPRIOR="0.5" DECPRIOR="." DECISION1="0" DECISION2="1"/>
</Data>
<Metadata>
<Variable NAME="Heart_Disease" LABEL="" LENGTH="32" FORMAT="" TYPE="C"/>
<Variable NAME="COUNT" LABEL="Level Counts" LENGTH="8" FORMAT="10." TYPE="N"/>
<Variable NAME="DATAPRIOR" LABEL="Data Proportions" LENGTH="8" FORMAT="" TYPE="N"/>
<Variable NAME="TRAINPRIOR" LABEL="Training Proportions" LENGTH="8" FORMAT="" TYPE="N"/>
<Variable NAME="DECPRIOR" LABEL="Decision Priors" LENGTH="8" FORMAT="" TYPE="N"/>
<Variable NAME="DECISION1" LABEL="YES" LENGTH="8" FORMAT="" TYPE="N"/>
<Variable NAME="DECISION2" LABEL="NO" LENGTH="8" FORMAT="" TYPE="N"/>
</Metadata>
</DecData>
<DecMeta Table="EMWS4.HPReg_Heart_Disease_DM">
<Data>
<Obs _TYPE_="MATRIX" VARIABLE="" LABEL="" LEVEL="PROFIT" EVENT="" ORDER="" FORMAT="" TYPE="" COST="" USE="N"/>
<Obs _TYPE_="TARGET" VARIABLE="Heart_Disease" LABEL="" LEVEL="BINARY" EVENT="YES" ORDER="" FORMAT="$3." TYPE="C" COST="" USE=""/>
<Obs _TYPE_="DECISION" VARIABLE="DECISION1" LABEL="YES" LEVEL="" EVENT="" ORDER="" FORMAT="" TYPE="N" COST="" USE="Y"/>
<Obs _TYPE_="DECISION" VARIABLE="DECISION2" LABEL="NO" LEVEL="" EVENT="" ORDER="" FORMAT="" TYPE="N" COST="" USE="Y"/>
<Obs _TYPE_="DATAPRIOR" VARIABLE="DATAPRIOR" LABEL="Data Prior" LEVEL="" EVENT="" ORDER="" FORMAT="" TYPE="N" COST="" USE="N"/>
<Obs _TYPE_="TRAINPRIOR" VARIABLE="TRAINPRIOR" LABEL="Training Prior" LEVEL="" EVENT="" ORDER="" FORMAT="" TYPE="N" COST="" USE="N"/>
<Obs _TYPE_="DECPRIOR" VARIABLE="DECPRIOR" LABEL="Decision Prior" LEVEL="" EVENT="" ORDER="" FORMAT="" TYPE="N" COST="" USE="N"/>
<Obs _TYPE_="PREDICTED" VARIABLE="P_Heart_DiseaseYes" LABEL="Predicted: Heart_Disease=Yes" LEVEL="YES" EVENT="" ORDER="" FORMAT="" TYPE="N" COST="" USE=""/>
<Obs _TYPE_="RESIDUAL" VARIABLE="R_Heart_DiseaseYes" LABEL="Residual: Heart_Disease=Yes" LEVEL="YES" EVENT="" ORDER="" FORMAT="" TYPE="N" COST="" USE=""/>
<Obs _TYPE_="PREDICTED" VARIABLE="P_Heart_DiseaseNo" LABEL="Predicted: Heart_Disease=No" LEVEL="NO" EVENT="" ORDER="" FORMAT="" TYPE="N" COST="" USE=""/>
<Obs _TYPE_="RESIDUAL" VARIABLE="R_Heart_DiseaseNo" LABEL="Residual: Heart_Disease=No" LEVEL="NO" EVENT="" ORDER="" FORMAT="" TYPE="N" COST="" USE=""/>
<Obs _TYPE_="FROM" VARIABLE="F_Heart_Disease" LABEL="From: Heart_Disease" LEVEL="" EVENT="" ORDER="" FORMAT="" TYPE="C" COST="" USE=""/>
<Obs _TYPE_="INTO" VARIABLE="I_Heart_Disease" LABEL="Into: Heart_Disease" LEVEL="" EVENT="" ORDER="" FORMAT="" TYPE="C" COST="" USE=""/>
</Data>
<Metadata>
<Variable NAME="_TYPE_" LABEL="Type" LENGTH="32" FORMAT="" TYPE="C"/>
<Variable NAME="VARIABLE" LABEL="Variable" LENGTH="32" FORMAT="" TYPE="C"/>
<Variable NAME="LABEL" LABEL="Label" LENGTH="256" FORMAT="" TYPE="C"/>
<Variable NAME="LEVEL" LABEL="Measurement Level" LENGTH="32" FORMAT="" TYPE="C"/>
<Variable NAME="EVENT" LABEL="Target Event" LENGTH="32" FORMAT="" TYPE="C"/>
<Variable NAME="ORDER" LABEL="Order" LENGTH="10" FORMAT="" TYPE="C"/>
<Variable NAME="FORMAT" LABEL="Format" LENGTH="32" FORMAT="" TYPE="C"/>
<Variable NAME="TYPE" LABEL="Type" LENGTH="1" FORMAT="" TYPE="C"/>
<Variable NAME="COST" LABEL="Cost" LENGTH="32" FORMAT="" TYPE="C"/>
<Variable NAME="USE" LABEL="Use" LENGTH="1" FORMAT="" TYPE="C"/>
</Metadata>
</DecMeta>
</Heart_Disease>
</EmTargetAttributes>
<EmFileProperties>
<USERTRAINCODE Type="EXTERNAL" Extension="sas">
<Data/>
</USERTRAINCODE>
<EMNOTES Type="EXTERNAL" Extension="txt">
<Data/>
</EMNOTES>
</EmFileProperties>
</PROPERTIES>
</NODE>
<NODE CLASS="SASHELP.EMASSMT.ASSESS.CLASS" COMPONENT="ModelCompare" ID="MdlComp" X="1536" Y="659" DESCRIPTION="Model Comparison" DIAGRAMID="_ROOT_" PARENTID="" TOOLTYPE="ASSESS" TOOLPREFIX="MdlComp">
<PROPERTIES NumberOfReportedLevels="1E-6" NormalizeReportingVariables="Y" DecileBin="20" LiftEpsilon="1E-6" ProfitEpsilon="1E-6" RoiEpsilon="1E-6" ScoreDistBin="20" RocChart="Y" RocEpsilon="0.01" AssessAllTargetLevels="N" SelectionData="DEFAULT" HPCriteria="DEFAULT" intervalViyaCriteria="DEFAULT" classViyaCriteria="DEFAULT" SelectionTable="TRAIN" SelectionCriteria="DEFAULT" SelectionDepth="10" NumberofBins="20" RecomputeAssess="N" TargetName="Heart_Disease" ModelId="Neural8" ModelDescription="Neural Network 64N (BackwardReg)" ModelCriteria="Valid: Misclassification Rate" ForceRun="N" RunAction="Train" Component="ModelCompare" StatisticUsed="_VMISC_" TargetLabel="">
<VariableProperties/>
<EmVariableAttributes/>
<EmTargetAttributes/>
<EmFileProperties>
<EMNOTES Type="EXTERNAL" Extension="txt">
<Data/>
</EMNOTES>
</EmFileProperties>
</PROPERTIES>
</NODE>
<NODE CLASS="SASHELP.EMASSMT.ASSESS.CLASS" COMPONENT="ModelCompare" ID="MdlComp2" X="1972" Y="656" DESCRIPTION="Model Comparison" DIAGRAMID="_ROOT_" PARENTID="" TOOLTYPE="ASSESS" TOOLPREFIX="MdlComp">
<PROPERTIES NumberOfReportedLevels="1E-6" NormalizeReportingVariables="Y" DecileBin="20" LiftEpsilon="1E-6" ProfitEpsilon="1E-6" RoiEpsilon="1E-6" ScoreDistBin="20" RocChart="Y" RocEpsilon="0.01" AssessAllTargetLevels="N" SelectionData="DEFAULT" HPCriteria="DEFAULT" intervalViyaCriteria="DEFAULT" classViyaCriteria="DEFAULT" SelectionTable="TRAIN" SelectionCriteria="DEFAULT" SelectionDepth="10" NumberofBins="20" RecomputeAssess="N" TargetName="Heart_Disease" ModelId="Neural8" ModelDescription="Neural Network 64N (BackwardReg)" ModelCriteria="Valid: Misclassification Rate" ForceRun="N" RunAction="Train" Component="ModelCompare" StatisticUsed="_VMISC_" TargetLabel="">
<VariableProperties/>
<EmTargetAttributes/>
<EmVariableAttributes/>
<EmFileProperties>
<EMNOTES Type="EXTERNAL" Extension="txt">
<Data/>
</EMNOTES>
</EmFileProperties>
</PROPERTIES>
</NODE>
<NODE CLASS="SASHELP.EMUTIL.EMMETADATA.CLASS" COMPONENT="Metadata" ID="Meta" X="2096" Y="886" DESCRIPTION="Metadata" DIAGRAMID="_ROOT_" PARENTID="" TOOLTYPE="UTILITY" TOOLPREFIX="Meta">
<PROPERTIES HideRejected="N" AdvancedAdvisor="N" CombineRule="NONE" ComputeStatistics="N" ForceRun="N" RunAction="Train" Component="Metadata">
<VariableProperties/>
<EmVariableAttributes>
<DELTA Variable="Age_Category" AttributeName="HIDDEN" AttributeValue="N"/>
<DELTA Variable="Alcohol_Consumption" AttributeName="HIDDEN" AttributeValue="N"/>
<DELTA Variable="Arthritis" AttributeName="HIDDEN" AttributeValue="N"/>
<DELTA Variable="Checkup" AttributeName="HIDDEN" AttributeValue="N"/>
<DELTA Variable="Diabetes" AttributeName="HIDDEN" AttributeValue="N"/>
<DELTA Variable="Exercise" AttributeName="HIDDEN" AttributeValue="N"/>
<DELTA Variable="F_Heart_Disease" AttributeName="HIDDEN" AttributeValue="N"/>
<DELTA Variable="General_Health" AttributeName="HIDDEN" AttributeValue="N"/>
<DELTA Variable="Heart_Disease" AttributeName="NEWROLE" AttributeValue="REJECTED"/>
<DELTA Variable="Heart_Disease" AttributeName="HIDDEN" AttributeValue="N"/>
<DELTA Variable="I_Heart_Disease" AttributeName="HIDDEN" AttributeValue="N"/>
<DELTA Variable="P_Heart_DiseaseNo" AttributeName="HIDDEN" AttributeValue="N"/>
<DELTA Variable="P_Heart_DiseaseYes" AttributeName="HIDDEN" AttributeValue="N"/>
<DELTA Variable="R_Heart_DiseaseNo" AttributeName="HIDDEN" AttributeValue="N"/>
<DELTA Variable="R_Heart_DiseaseYes" AttributeName="HIDDEN" AttributeValue="N"/>
<DELTA Variable="Smoking_History" AttributeName="HIDDEN" AttributeValue="N"/>
<DELTA Variable="U_Heart_Disease" AttributeName="NEWROLE" AttributeValue="TARGET"/>
<DELTA Variable="U_Heart_Disease" AttributeName="HIDDEN" AttributeValue="N"/>
<DELTA Variable="_WARN_" AttributeName="HIDDEN" AttributeValue="N"/>
<DELTA Variable="_dataobs_" AttributeName="HIDDEN" AttributeValue="N"/>
</EmVariableAttributes>
<EmTargetAttributes/>
<EmFileProperties>
<IMPORTSET Type="DATA">
<Data>
<Obs USE="Y" PORT="DATA" NODELABEL="Neural8" NODEPORT="TRAIN" LIBNAME="" DATASET="Neural8_TRAIN" ROLE="TRAIN" MODTIME="2037844971.6" COLUMNMETA="Neural8_CMeta_TRAIN" COLUMNMETAMODTIME="2037844972" EMINFO="Neural8_EMINFO" EMINFOMODTIME="2037844972.1" NOBS="-1" DATASOURCE=""/>
<Obs USE="Y" PORT="VALIDATE" NODELABEL="Neural8" NODEPORT="VALIDATE" LIBNAME="" DATASET="Neural8_VALIDATE" ROLE="VALIDATE" MODTIME="2037844971.7" COLUMNMETA="Neural8_CMeta_TRAIN" COLUMNMETAMODTIME="2037844972" EMINFO="" EMINFOMODTIME="." NOBS="-1" DATASOURCE=""/>
<Obs USE="Y" PORT="TEST" NODELABEL="" NODEPORT="" LIBNAME="" DATASET="" ROLE="" MODTIME="." COLUMNMETA="" COLUMNMETAMODTIME="." EMINFO="" EMINFOMODTIME="." NOBS="." DATASOURCE=""/>
<Obs USE="Y" PORT="SCORE" NODELABEL="" NODEPORT="" LIBNAME="" DATASET="" ROLE="" MODTIME="." COLUMNMETA="" COLUMNMETAMODTIME="." EMINFO="" EMINFOMODTIME="." NOBS="." DATASOURCE=""/>
<Obs USE="Y" PORT="TRANSACTION" NODELABEL="" NODEPORT="" LIBNAME="" DATASET="" ROLE="" MODTIME="." COLUMNMETA="" COLUMNMETAMODTIME="." EMINFO="" EMINFOMODTIME="." NOBS="." DATASOURCE=""/>
<Obs USE="Y" PORT="DOCUMENT" NODELABEL="" NODEPORT="" LIBNAME="" DATASET="" ROLE="" MODTIME="." COLUMNMETA="" COLUMNMETAMODTIME="." EMINFO="" EMINFOMODTIME="." NOBS="." DATASOURCE=""/>
<Obs USE="Y" PORT="CLUSMEAN" NODELABEL="" NODEPORT="" LIBNAME="" DATASET="" ROLE="" MODTIME="." COLUMNMETA="" COLUMNMETAMODTIME="." EMINFO="" EMINFOMODTIME="." NOBS="." DATASOURCE=""/>
<Obs USE="Y" PORT="CLUSSTAT" NODELABEL="" NODEPORT="" LIBNAME="" DATASET="" ROLE="" MODTIME="." COLUMNMETA="" COLUMNMETAMODTIME="." EMINFO="" EMINFOMODTIME="." NOBS="." DATASOURCE=""/>
<Obs USE="Y" PORT="ESTIMATE" NODELABEL="Neural8" NODEPORT="ESTIMATE" LIBNAME="" DATASET="Neural8_EMESTIMATE" ROLE="ESTIMATE" MODTIME="2037844971" COLUMNMETA="" COLUMNMETAMODTIME="." EMINFO="" EMINFOMODTIME="." NOBS="." DATASOURCE=""/>
<Obs USE="Y" PORT="RANK" NODELABEL="" NODEPORT="" LIBNAME="" DATASET="" ROLE="" MODTIME="." COLUMNMETA="" COLUMNMETAMODTIME="." EMINFO="" EMINFOMODTIME="." NOBS="." DATASOURCE=""/>
<Obs USE="Y" PORT="REPORTFIT" NODELABEL="" NODEPORT="" LIBNAME="" DATASET="" ROLE="" MODTIME="." COLUMNMETA="" COLUMNMETAMODTIME="." EMINFO="" EMINFOMODTIME="." NOBS="." DATASOURCE=""/>
<Obs USE="Y" PORT="RULES" NODELABEL="" NODEPORT="" LIBNAME="" DATASET="" ROLE="" MODTIME="." COLUMNMETA="" COLUMNMETAMODTIME="." EMINFO="" EMINFOMODTIME="." NOBS="." DATASOURCE=""/>
<Obs USE="Y" PORT="SCOREDIST" NODELABEL="" NODEPORT="" LIBNAME="" DATASET="" ROLE="" MODTIME="." COLUMNMETA="" COLUMNMETAMODTIME="." EMINFO="" EMINFOMODTIME="." NOBS="." DATASOURCE=""/>
<Obs USE="Y" PORT="TERMS" NODELABEL="" NODEPORT="" LIBNAME="" DATASET="" ROLE="" MODTIME="." COLUMNMETA="" COLUMNMETAMODTIME="." EMINFO="" EMINFOMODTIME="." NOBS="." DATASOURCE=""/>
<Obs USE="Y" PORT="TREE" NODELABEL="" NODEPORT="" LIBNAME="" DATASET="" ROLE="" MODTIME="." COLUMNMETA="" COLUMNMETAMODTIME="." EMINFO="" EMINFOMODTIME="." NOBS="." DATASOURCE=""/>
<Obs USE="Y" PORT="VARMAP" NODELABEL="" NODEPORT="" LIBNAME="" DATASET="" ROLE="" MODTIME="." COLUMNMETA="" COLUMNMETAMODTIME="." EMINFO="" EMINFOMODTIME="." NOBS="." DATASOURCE=""/>
</Data>
<Metadata>
<Variable NAME="USE" LABEL="" LENGTH="1" FORMAT="" TYPE="C"/>
<Variable NAME="PORT" LABEL="" LENGTH="32" FORMAT="" TYPE="C"/>
<Variable NAME="NODELABEL" LABEL="" LENGTH="32" FORMAT="" TYPE="C"/>
<Variable NAME="NODEPORT" LABEL="" LENGTH="32" FORMAT="" TYPE="C"/>
<Variable NAME="LIBNAME" LABEL="" LENGTH="8" FORMAT="" TYPE="C"/>
<Variable NAME="DATASET" LABEL="" LENGTH="32" FORMAT="" TYPE="C"/>
<Variable NAME="ROLE" LABEL="" LENGTH="20" FORMAT="" TYPE="C"/>
<Variable NAME="MODTIME" LABEL="" LENGTH="8" FORMAT="DATETIME20." TYPE="N"/>
<Variable NAME="COLUMNMETA" LABEL="" LENGTH="32" FORMAT="" TYPE="C"/>
<Variable NAME="COLUMNMETAMODTIME" LABEL="" LENGTH="8" FORMAT="DATETIME20." TYPE="N"/>
<Variable NAME="EMINFO" LABEL="" LENGTH="32" FORMAT="" TYPE="C"/>
<Variable NAME="EMINFOMODTIME" LABEL="" LENGTH="8" FORMAT="DATETIME20." TYPE="N"/>
<Variable NAME="NOBS" LABEL="" LENGTH="8" FORMAT="" TYPE="N"/>
<Variable NAME="DATASOURCE" LABEL="" LENGTH="29" FORMAT="" TYPE="C"/>
</Metadata>
</IMPORTSET>
<VARIABLEPROPERTIES_DATA Type="EXTERNAL" Extension="sas">
<Data><![CDATA[
*------------------------------------------------------------*;
* Variable Attributes for DATA;
*------------------------------------------------------------*;
if upcase(NAME) = &quot;HEART_DISEASE&quot; then NEWROLE=&quot;REJECTED&quot;;
if upcase(NAME) = &quot;U_HEART_DISEASE&quot; then NEWROLE=&quot;TARGET&quot;;
]]>
</Data>
</VARIABLEPROPERTIES_DATA>
<METACODE_DATA Type="EXTERNAL" Extension="sas">
<Data><![CDATA[
*------------------------------------------------------------*;
* Metadata Changes;
*------------------------------------------------------------*;
if upcase(NAME) = &quot;HEART_DISEASE&quot; then ROLE=&quot;REJECTED&quot;;
if upcase(NAME) = &quot;U_HEART_DISEASE&quot; then ROLE=&quot;TARGET&quot;;
]]>
</Data>
</METACODE_DATA>
<EMNOTES Type="EXTERNAL" Extension="txt">
<Data/>
</EMNOTES>
</EmFileProperties>
</PROPERTIES>
</NODE>
<NODE CLASS="SASHELP.EMMODL.NEURAL.CLASS" COMPONENT="NeuralNetwork" ID="Neural" X="1262" Y="336" DESCRIPTION="Neural Network 10H (ForwardReg)" DIAGRAMID="_ROOT_" PARENTID="" TOOLTYPE="MODEL" TOOLPREFIX="Neural">
<PROPERTIES UseEstimates="N" NetworkArchitecture="MLP" DirectConnection="N" Hidden="10" Prelim="N" PreliminaryRuns="5" PrelimMaxiter="10" PrelimMaxTime="1 HOUR" Maxiter="1000" Maxtime="5 MINUTES" TrainingTechnique="DEFAULT" ConvDefaults="Y" AbsConvValue="-1.34078E154" AbsFValue="0" AbsFTime="1" AbsGValue="0.00001" AbsGTime="1" AbsXValue="1E-8" AbsXTime="1" FConvValue="0" FConvTime="1" GConvValue="1E-6" GConvTime="1" ModelSelectionCriterion="MISCLASSIFICATION" SuppressOutput="N" Residuals="Y" Standardizations="N" HiddenUnits="N" TrainCode="" PrelimOutest="" Outest="" Outfit="" InitialDs="" CodefileRes="" CodefileNoRes="" AddHidden="Y" HiddenCombFunction="DEFAULT" HiddenActivation="DEFAULT" HiddenBias="Y" TargetCombFunction="DEFAULT" TargetActivation="DEFAULT" TargetError="DEFAULT" TargetBias="Y" InitialSeed="12345" RandDist="NORMAL" RandScale="0.1" RandLoc="0" InputStandardization="STD" WeightDecay="0" Accelerate="1.2" Decelerate="0.5" Learn="0.1" MaxLearn="50" MinLearn="0.00001" Momentum="0" MaxMomentum="1.75" Tilt="0" ForceRun="N" RunAction="Train" Component="NeuralNetwork">
<VariableProperties/>
<EmVariableAttributes/>
<EmTargetAttributes/>
<EmFileProperties>
<EMNOTES Type="EXTERNAL" Extension="txt">
<Data/>
</EMNOTES>
</EmFileProperties>
</PROPERTIES>
</NODE>
<NODE CLASS="SASHELP.EMMODL.NEURAL.CLASS" COMPONENT="NeuralNetwork" ID="Neural10" X="1260" Y="913" DESCRIPTION="Neural Network 10H (VarSelection)" DIAGRAMID="_ROOT_" PARENTID="" TOOLTYPE="MODEL" TOOLPREFIX="Neural">
<PROPERTIES UseEstimates="N" NetworkArchitecture="MLP" DirectConnection="N" Hidden="10" Prelim="N" PreliminaryRuns="5" PrelimMaxiter="10" PrelimMaxTime="1 HOUR" Maxiter="1000" Maxtime="5 MINUTES" TrainingTechnique="DEFAULT" ConvDefaults="Y" AbsConvValue="-1.34078E154" AbsFValue="0" AbsFTime="1" AbsGValue="0.00001" AbsGTime="1" AbsXValue="1E-8" AbsXTime="1" FConvValue="0" FConvTime="1" GConvValue="1E-6" GConvTime="1" ModelSelectionCriterion="MISCLASSIFICATION" SuppressOutput="N" Residuals="Y" Standardizations="N" HiddenUnits="N" TrainCode="" PrelimOutest="" Outest="" Outfit="" InitialDs="" CodefileRes="" CodefileNoRes="" AddHidden="Y" HiddenCombFunction="DEFAULT" HiddenActivation="DEFAULT" HiddenBias="Y" TargetCombFunction="DEFAULT" TargetActivation="DEFAULT" TargetError="DEFAULT" TargetBias="Y" InitialSeed="12345" RandDist="NORMAL" RandScale="0.1" RandLoc="0" InputStandardization="STD" WeightDecay="0" Accelerate="1.2" Decelerate="0.5" Learn="0.1" MaxLearn="50" MinLearn="0.00001" Momentum="0" MaxMomentum="1.75" Tilt="0" ForceRun="N" RunAction="Train" Component="NeuralNetwork">
<VariableProperties/>
<EmTargetAttributes>
<Heart_Disease>
<DecData Table="EMWS4.Neural10_Heart_Disease_DD">
<Data>
<Obs HEART_DISEASE="YES" COUNT="17479" DATAPRIOR="0.5" TRAINPRIOR="0.5" DECPRIOR="." DECISION1="1" DECISION2="0"/>
<Obs HEART_DISEASE="NO" COUNT="17479" DATAPRIOR="0.5" TRAINPRIOR="0.5" DECPRIOR="." DECISION1="0" DECISION2="1"/>
</Data>
<Metadata>
<Variable NAME="Heart_Disease" LABEL="" LENGTH="32" FORMAT="" TYPE="C"/>
<Variable NAME="COUNT" LABEL="Level Counts" LENGTH="8" FORMAT="10." TYPE="N"/>
<Variable NAME="DATAPRIOR" LABEL="Data Proportions" LENGTH="8" FORMAT="" TYPE="N"/>
<Variable NAME="TRAINPRIOR" LABEL="Training Proportions" LENGTH="8" FORMAT="" TYPE="N"/>
<Variable NAME="DECPRIOR" LABEL="Decision Priors" LENGTH="8" FORMAT="" TYPE="N"/>
<Variable NAME="DECISION1" LABEL="YES" LENGTH="8" FORMAT="" TYPE="N"/>
<Variable NAME="DECISION2" LABEL="NO" LENGTH="8" FORMAT="" TYPE="N"/>
</Metadata>
</DecData>
<DecMeta Table="EMWS4.Neural10_Heart_Disease_DM">
<Data>
<Obs _TYPE_="MATRIX" VARIABLE="" LABEL="" LEVEL="PROFIT" EVENT="" ORDER="" FORMAT="" TYPE="" COST="" USE="N"/>
<Obs _TYPE_="TARGET" VARIABLE="Heart_Disease" LABEL="" LEVEL="BINARY" EVENT="YES" ORDER="" FORMAT="$3." TYPE="C" COST="" USE=""/>
<Obs _TYPE_="DECISION" VARIABLE="DECISION1" LABEL="YES" LEVEL="" EVENT="" ORDER="" FORMAT="" TYPE="N" COST="" USE="Y"/>
<Obs _TYPE_="DECISION" VARIABLE="DECISION2" LABEL="NO" LEVEL="" EVENT="" ORDER="" FORMAT="" TYPE="N" COST="" USE="Y"/>
<Obs _TYPE_="DATAPRIOR" VARIABLE="DATAPRIOR" LABEL="Data Prior" LEVEL="" EVENT="" ORDER="" FORMAT="" TYPE="N" COST="" USE="N"/>
<Obs _TYPE_="TRAINPRIOR" VARIABLE="TRAINPRIOR" LABEL="Training Prior" LEVEL="" EVENT="" ORDER="" FORMAT="" TYPE="N" COST="" USE="N"/>
<Obs _TYPE_="DECPRIOR" VARIABLE="DECPRIOR" LABEL="Decision Prior" LEVEL="" EVENT="" ORDER="" FORMAT="" TYPE="N" COST="" USE="N"/>
<Obs _TYPE_="PREDICTED" VARIABLE="P_Heart_DiseaseYes" LABEL="Predicted: Heart_Disease=Yes" LEVEL="YES" EVENT="" ORDER="" FORMAT="" TYPE="N" COST="" USE=""/>
<Obs _TYPE_="RESIDUAL" VARIABLE="R_Heart_DiseaseYes" LABEL="Residual: Heart_Disease=Yes" LEVEL="YES" EVENT="" ORDER="" FORMAT="" TYPE="N" COST="" USE=""/>
<Obs _TYPE_="PREDICTED" VARIABLE="P_Heart_DiseaseNo" LABEL="Predicted: Heart_Disease=No" LEVEL="NO" EVENT="" ORDER="" FORMAT="" TYPE="N" COST="" USE=""/>
<Obs _TYPE_="RESIDUAL" VARIABLE="R_Heart_DiseaseNo" LABEL="Residual: Heart_Disease=No" LEVEL="NO" EVENT="" ORDER="" FORMAT="" TYPE="N" COST="" USE=""/>
<Obs _TYPE_="FROM" VARIABLE="F_Heart_Disease" LABEL="From: Heart_Disease" LEVEL="" EVENT="" ORDER="" FORMAT="" TYPE="C" COST="" USE=""/>
<Obs _TYPE_="INTO" VARIABLE="I_Heart_Disease" LABEL="Into: Heart_Disease" LEVEL="" EVENT="" ORDER="" FORMAT="" TYPE="C" COST="" USE=""/>
</Data>
<Metadata>
<Variable NAME="_TYPE_" LABEL="Type" LENGTH="32" FORMAT="" TYPE="C"/>
<Variable NAME="VARIABLE" LABEL="Variable" LENGTH="32" FORMAT="" TYPE="C"/>
<Variable NAME="LABEL" LABEL="Label" LENGTH="256" FORMAT="" TYPE="C"/>
<Variable NAME="LEVEL" LABEL="Measurement Level" LENGTH="32" FORMAT="" TYPE="C"/>
<Variable NAME="EVENT" LABEL="Target Event" LENGTH="32" FORMAT="" TYPE="C"/>
<Variable NAME="ORDER" LABEL="Order" LENGTH="10" FORMAT="" TYPE="C"/>
<Variable NAME="FORMAT" LABEL="Format" LENGTH="32" FORMAT="" TYPE="C"/>
<Variable NAME="TYPE" LABEL="Type" LENGTH="1" FORMAT="" TYPE="C"/>
<Variable NAME="COST" LABEL="Cost" LENGTH="32" FORMAT="" TYPE="C"/>
<Variable NAME="USE" LABEL="Use" LENGTH="1" FORMAT="" TYPE="C"/>
</Metadata>
</DecMeta>
</Heart_Disease>
</EmTargetAttributes>
<EmVariableAttributes/>
<EmFileProperties>
<EMNOTES Type="EXTERNAL" Extension="txt">
<Data/>
</EMNOTES>
</EmFileProperties>
</PROPERTIES>
</NODE>
<NODE CLASS="SASHELP.EMMODL.NEURAL.CLASS" COMPONENT="NeuralNetwork" ID="Neural11" X="1261" Y="971" DESCRIPTION="Neural Network 20H (VarSelection)" DIAGRAMID="_ROOT_" PARENTID="" TOOLTYPE="MODEL" TOOLPREFIX="Neural">
<PROPERTIES UseEstimates="N" NetworkArchitecture="MLP" DirectConnection="N" Hidden="20" Prelim="N" PreliminaryRuns="5" PrelimMaxiter="10" PrelimMaxTime="1 HOUR" Maxiter="1000" Maxtime="5 MINUTES" TrainingTechnique="DEFAULT" ConvDefaults="Y" AbsConvValue="-1.34078E154" AbsFValue="0" AbsFTime="1" AbsGValue="0.00001" AbsGTime="1" AbsXValue="1E-8" AbsXTime="1" FConvValue="0" FConvTime="1" GConvValue="1E-6" GConvTime="1" ModelSelectionCriterion="MISCLASSIFICATION" SuppressOutput="N" Residuals="Y" Standardizations="N" HiddenUnits="N" TrainCode="" PrelimOutest="" Outest="" Outfit="" InitialDs="" CodefileRes="" CodefileNoRes="" AddHidden="Y" HiddenCombFunction="DEFAULT" HiddenActivation="DEFAULT" HiddenBias="Y" TargetCombFunction="DEFAULT" TargetActivation="DEFAULT" TargetError="DEFAULT" TargetBias="Y" InitialSeed="12345" RandDist="NORMAL" RandScale="0.1" RandLoc="0" InputStandardization="STD" WeightDecay="0" Accelerate="1.2" Decelerate="0.5" Learn="0.1" MaxLearn="50" MinLearn="0.00001" Momentum="0" MaxMomentum="1.75" Tilt="0" ForceRun="N" RunAction="Train" Component="NeuralNetwork">
<VariableProperties/>
<EmTargetAttributes>
<Heart_Disease>
<DecData Table="EMWS4.Neural11_Heart_Disease_DD">
<Data>
<Obs HEART_DISEASE="YES" COUNT="17479" DATAPRIOR="0.5" TRAINPRIOR="0.5" DECPRIOR="." DECISION1="1" DECISION2="0"/>
<Obs HEART_DISEASE="NO" COUNT="17479" DATAPRIOR="0.5" TRAINPRIOR="0.5" DECPRIOR="." DECISION1="0" DECISION2="1"/>
</Data>
<Metadata>
<Variable NAME="Heart_Disease" LABEL="" LENGTH="32" FORMAT="" TYPE="C"/>
<Variable NAME="COUNT" LABEL="Level Counts" LENGTH="8" FORMAT="10." TYPE="N"/>
<Variable NAME="DATAPRIOR" LABEL="Data Proportions" LENGTH="8" FORMAT="" TYPE="N"/>
<Variable NAME="TRAINPRIOR" LABEL="Training Proportions" LENGTH="8" FORMAT="" TYPE="N"/>
<Variable NAME="DECPRIOR" LABEL="Decision Priors" LENGTH="8" FORMAT="" TYPE="N"/>
<Variable NAME="DECISION1" LABEL="YES" LENGTH="8" FORMAT="" TYPE="N"/>
<Variable NAME="DECISION2" LABEL="NO" LENGTH="8" FORMAT="" TYPE="N"/>
</Metadata>
</DecData>
<DecMeta Table="EMWS4.Neural11_Heart_Disease_DM">
<Data>
<Obs _TYPE_="MATRIX" VARIABLE="" LABEL="" LEVEL="PROFIT" EVENT="" ORDER="" FORMAT="" TYPE="" COST="" USE="N"/>
<Obs _TYPE_="TARGET" VARIABLE="Heart_Disease" LABEL="" LEVEL="BINARY" EVENT="YES" ORDER="" FORMAT="$3." TYPE="C" COST="" USE=""/>
<Obs _TYPE_="DECISION" VARIABLE="DECISION1" LABEL="YES" LEVEL="" EVENT="" ORDER="" FORMAT="" TYPE="N" COST="" USE="Y"/>
<Obs _TYPE_="DECISION" VARIABLE="DECISION2" LABEL="NO" LEVEL="" EVENT="" ORDER="" FORMAT="" TYPE="N" COST="" USE="Y"/>
<Obs _TYPE_="DATAPRIOR" VARIABLE="DATAPRIOR" LABEL="Data Prior" LEVEL="" EVENT="" ORDER="" FORMAT="" TYPE="N" COST="" USE="N"/>
<Obs _TYPE_="TRAINPRIOR" VARIABLE="TRAINPRIOR" LABEL="Training Prior" LEVEL="" EVENT="" ORDER="" FORMAT="" TYPE="N" COST="" USE="N"/>
<Obs _TYPE_="DECPRIOR" VARIABLE="DECPRIOR" LABEL="Decision Prior" LEVEL="" EVENT="" ORDER="" FORMAT="" TYPE="N" COST="" USE="N"/>
<Obs _TYPE_="PREDICTED" VARIABLE="P_Heart_DiseaseYes" LABEL="Predicted: Heart_Disease=Yes" LEVEL="YES" EVENT="" ORDER="" FORMAT="" TYPE="N" COST="" USE=""/>
<Obs _TYPE_="RESIDUAL" VARIABLE="R_Heart_DiseaseYes" LABEL="Residual: Heart_Disease=Yes" LEVEL="YES" EVENT="" ORDER="" FORMAT="" TYPE="N" COST="" USE=""/>
<Obs _TYPE_="PREDICTED" VARIABLE="P_Heart_DiseaseNo" LABEL="Predicted: Heart_Disease=No" LEVEL="NO" EVENT="" ORDER="" FORMAT="" TYPE="N" COST="" USE=""/>
<Obs _TYPE_="RESIDUAL" VARIABLE="R_Heart_DiseaseNo" LABEL="Residual: Heart_Disease=No" LEVEL="NO" EVENT="" ORDER="" FORMAT="" TYPE="N" COST="" USE=""/>
<Obs _TYPE_="FROM" VARIABLE="F_Heart_Disease" LABEL="From: Heart_Disease" LEVEL="" EVENT="" ORDER="" FORMAT="" TYPE="C" COST="" USE=""/>
<Obs _TYPE_="INTO" VARIABLE="I_Heart_Disease" LABEL="Into: Heart_Disease" LEVEL="" EVENT="" ORDER="" FORMAT="" TYPE="C" COST="" USE=""/>
</Data>
<Metadata>
<Variable NAME="_TYPE_" LABEL="Type" LENGTH="32" FORMAT="" TYPE="C"/>
<Variable NAME="VARIABLE" LABEL="Variable" LENGTH="32" FORMAT="" TYPE="C"/>
<Variable NAME="LABEL" LABEL="Label" LENGTH="256" FORMAT="" TYPE="C"/>
<Variable NAME="LEVEL" LABEL="Measurement Level" LENGTH="32" FORMAT="" TYPE="C"/>
<Variable NAME="EVENT" LABEL="Target Event" LENGTH="32" FORMAT="" TYPE="C"/>
<Variable NAME="ORDER" LABEL="Order" LENGTH="10" FORMAT="" TYPE="C"/>
<Variable NAME="FORMAT" LABEL="Format" LENGTH="32" FORMAT="" TYPE="C"/>
<Variable NAME="TYPE" LABEL="Type" LENGTH="1" FORMAT="" TYPE="C"/>
<Variable NAME="COST" LABEL="Cost" LENGTH="32" FORMAT="" TYPE="C"/>
<Variable NAME="USE" LABEL="Use" LENGTH="1" FORMAT="" TYPE="C"/>
</Metadata>
</DecMeta>
</Heart_Disease>
</EmTargetAttributes>
<EmVariableAttributes/>
<EmFileProperties>
<EMNOTES Type="EXTERNAL" Extension="txt">
<Data/>
</EMNOTES>
</EmFileProperties>
</PROPERTIES>
</NODE>
<NODE CLASS="SASHELP.EMMODL.NEURAL.CLASS" COMPONENT="NeuralNetwork" ID="Neural12" X="1262" Y="1031" DESCRIPTION="Neural Network 64H (VarSelection)" DIAGRAMID="_ROOT_" PARENTID="" TOOLTYPE="MODEL" TOOLPREFIX="Neural">
<PROPERTIES UseEstimates="N" NetworkArchitecture="MLP" DirectConnection="N" Hidden="64" Prelim="N" PreliminaryRuns="5" PrelimMaxiter="10" PrelimMaxTime="1 HOUR" Maxiter="1000" Maxtime="5 MINUTES" TrainingTechnique="DEFAULT" ConvDefaults="Y" AbsConvValue="-1.34078E154" AbsFValue="0" AbsFTime="1" AbsGValue="0.00001" AbsGTime="1" AbsXValue="1E-8" AbsXTime="1" FConvValue="0" FConvTime="1" GConvValue="1E-6" GConvTime="1" ModelSelectionCriterion="MISCLASSIFICATION" SuppressOutput="N" Residuals="Y" Standardizations="N" HiddenUnits="N" TrainCode="" PrelimOutest="" Outest="" Outfit="" InitialDs="" CodefileRes="" CodefileNoRes="" AddHidden="Y" HiddenCombFunction="DEFAULT" HiddenActivation="DEFAULT" HiddenBias="Y" TargetCombFunction="DEFAULT" TargetActivation="DEFAULT" TargetError="DEFAULT" TargetBias="Y" InitialSeed="12345" RandDist="NORMAL" RandScale="0.1" RandLoc="0" InputStandardization="STD" WeightDecay="0" Accelerate="1.2" Decelerate="0.5" Learn="0.1" MaxLearn="50" MinLearn="0.00001" Momentum="0" MaxMomentum="1.75" Tilt="0" ForceRun="N" RunAction="Train" Component="NeuralNetwork">
<VariableProperties/>
<EmTargetAttributes>
<Heart_Disease>
<DecData Table="EMWS4.Neural12_Heart_Disease_DD">
<Data>
<Obs HEART_DISEASE="YES" COUNT="17479" DATAPRIOR="0.5" TRAINPRIOR="0.5" DECPRIOR="." DECISION1="1" DECISION2="0"/>
<Obs HEART_DISEASE="NO" COUNT="17479" DATAPRIOR="0.5" TRAINPRIOR="0.5" DECPRIOR="." DECISION1="0" DECISION2="1"/>
</Data>
<Metadata>
<Variable NAME="Heart_Disease" LABEL="" LENGTH="32" FORMAT="" TYPE="C"/>
<Variable NAME="COUNT" LABEL="Level Counts" LENGTH="8" FORMAT="10." TYPE="N"/>
<Variable NAME="DATAPRIOR" LABEL="Data Proportions" LENGTH="8" FORMAT="" TYPE="N"/>
<Variable NAME="TRAINPRIOR" LABEL="Training Proportions" LENGTH="8" FORMAT="" TYPE="N"/>
<Variable NAME="DECPRIOR" LABEL="Decision Priors" LENGTH="8" FORMAT="" TYPE="N"/>
<Variable NAME="DECISION1" LABEL="YES" LENGTH="8" FORMAT="" TYPE="N"/>
<Variable NAME="DECISION2" LABEL="NO" LENGTH="8" FORMAT="" TYPE="N"/>
</Metadata>
</DecData>
<DecMeta Table="EMWS4.Neural12_Heart_Disease_DM">
<Data>
<Obs _TYPE_="MATRIX" VARIABLE="" LABEL="" LEVEL="PROFIT" EVENT="" ORDER="" FORMAT="" TYPE="" COST="" USE="N"/>
<Obs _TYPE_="TARGET" VARIABLE="Heart_Disease" LABEL="" LEVEL="BINARY" EVENT="YES" ORDER="" FORMAT="$3." TYPE="C" COST="" USE=""/>
<Obs _TYPE_="DECISION" VARIABLE="DECISION1" LABEL="YES" LEVEL="" EVENT="" ORDER="" FORMAT="" TYPE="N" COST="" USE="Y"/>
<Obs _TYPE_="DECISION" VARIABLE="DECISION2" LABEL="NO" LEVEL="" EVENT="" ORDER="" FORMAT="" TYPE="N" COST="" USE="Y"/>
<Obs _TYPE_="DATAPRIOR" VARIABLE="DATAPRIOR" LABEL="Data Prior" LEVEL="" EVENT="" ORDER="" FORMAT="" TYPE="N" COST="" USE="N"/>
<Obs _TYPE_="TRAINPRIOR" VARIABLE="TRAINPRIOR" LABEL="Training Prior" LEVEL="" EVENT="" ORDER="" FORMAT="" TYPE="N" COST="" USE="N"/>
<Obs _TYPE_="DECPRIOR" VARIABLE="DECPRIOR" LABEL="Decision Prior" LEVEL="" EVENT="" ORDER="" FORMAT="" TYPE="N" COST="" USE="N"/>
<Obs _TYPE_="PREDICTED" VARIABLE="P_Heart_DiseaseYes" LABEL="Predicted: Heart_Disease=Yes" LEVEL="YES" EVENT="" ORDER="" FORMAT="" TYPE="N" COST="" USE=""/>
<Obs _TYPE_="RESIDUAL" VARIABLE="R_Heart_DiseaseYes" LABEL="Residual: Heart_Disease=Yes" LEVEL="YES" EVENT="" ORDER="" FORMAT="" TYPE="N" COST="" USE=""/>
<Obs _TYPE_="PREDICTED" VARIABLE="P_Heart_DiseaseNo" LABEL="Predicted: Heart_Disease=No" LEVEL="NO" EVENT="" ORDER="" FORMAT="" TYPE="N" COST="" USE=""/>
<Obs _TYPE_="RESIDUAL" VARIABLE="R_Heart_DiseaseNo" LABEL="Residual: Heart_Disease=No" LEVEL="NO" EVENT="" ORDER="" FORMAT="" TYPE="N" COST="" USE=""/>
<Obs _TYPE_="FROM" VARIABLE="F_Heart_Disease" LABEL="From: Heart_Disease" LEVEL="" EVENT="" ORDER="" FORMAT="" TYPE="C" COST="" USE=""/>
<Obs _TYPE_="INTO" VARIABLE="I_Heart_Disease" LABEL="Into: Heart_Disease" LEVEL="" EVENT="" ORDER="" FORMAT="" TYPE="C" COST="" USE=""/>
</Data>
<Metadata>
<Variable NAME="_TYPE_" LABEL="Type" LENGTH="32" FORMAT="" TYPE="C"/>
<Variable NAME="VARIABLE" LABEL="Variable" LENGTH="32" FORMAT="" TYPE="C"/>
<Variable NAME="LABEL" LABEL="Label" LENGTH="256" FORMAT="" TYPE="C"/>
<Variable NAME="LEVEL" LABEL="Measurement Level" LENGTH="32" FORMAT="" TYPE="C"/>
<Variable NAME="EVENT" LABEL="Target Event" LENGTH="32" FORMAT="" TYPE="C"/>
<Variable NAME="ORDER" LABEL="Order" LENGTH="10" FORMAT="" TYPE="C"/>
<Variable NAME="FORMAT" LABEL="Format" LENGTH="32" FORMAT="" TYPE="C"/>
<Variable NAME="TYPE" LABEL="Type" LENGTH="1" FORMAT="" TYPE="C"/>
<Variable NAME="COST" LABEL="Cost" LENGTH="32" FORMAT="" TYPE="C"/>
<Variable NAME="USE" LABEL="Use" LENGTH="1" FORMAT="" TYPE="C"/>
</Metadata>
</DecMeta>
</Heart_Disease>
</EmTargetAttributes>
<EmVariableAttributes/>
<EmFileProperties>
<EMNOTES Type="EXTERNAL" Extension="txt">
<Data/>
</EMNOTES>
</EmFileProperties>
</PROPERTIES>
</NODE>
<NODE CLASS="SASHELP.EMMODL.NEURAL.CLASS" COMPONENT="NeuralNetwork" ID="Neural2" X="1263" Y="404" DESCRIPTION="Neural Network 20H (ForwardReg)" DIAGRAMID="_ROOT_" PARENTID="" TOOLTYPE="MODEL" TOOLPREFIX="Neural">
<PROPERTIES UseEstimates="N" NetworkArchitecture="MLP" DirectConnection="N" Hidden="20" Prelim="N" PreliminaryRuns="5" PrelimMaxiter="10" PrelimMaxTime="1 HOUR" Maxiter="1000" Maxtime="5 MINUTES" TrainingTechnique="DEFAULT" ConvDefaults="Y" AbsConvValue="-1.34078E154" AbsFValue="0" AbsFTime="1" AbsGValue="0.00001" AbsGTime="1" AbsXValue="1E-8" AbsXTime="1" FConvValue="0" FConvTime="1" GConvValue="1E-6" GConvTime="1" ModelSelectionCriterion="MISCLASSIFICATION" SuppressOutput="N" Residuals="Y" Standardizations="N" HiddenUnits="N" TrainCode="" PrelimOutest="" Outest="" Outfit="" InitialDs="" CodefileRes="" CodefileNoRes="" AddHidden="Y" HiddenCombFunction="DEFAULT" HiddenActivation="DEFAULT" HiddenBias="Y" TargetCombFunction="DEFAULT" TargetActivation="DEFAULT" TargetError="DEFAULT" TargetBias="Y" InitialSeed="12345" RandDist="NORMAL" RandScale="0.1" RandLoc="0" InputStandardization="STD" WeightDecay="0" Accelerate="1.2" Decelerate="0.5" Learn="0.1" MaxLearn="50" MinLearn="0.00001" Momentum="0" MaxMomentum="1.75" Tilt="0" ForceRun="N" RunAction="Train" Component="NeuralNetwork">
<VariableProperties/>
<EmTargetAttributes/>
<EmVariableAttributes/>
<EmFileProperties>
<EMNOTES Type="EXTERNAL" Extension="txt">
<Data/>
</EMNOTES>
</EmFileProperties>
</PROPERTIES>
</NODE>
<NODE CLASS="SASHELP.EMMODL.NEURAL.CLASS" COMPONENT="NeuralNetwork" ID="Neural3" X="1262" Y="470" DESCRIPTION="Neural Network 64H (ForwardReg)" DIAGRAMID="_ROOT_" PARENTID="" TOOLTYPE="MODEL" TOOLPREFIX="Neural">
<PROPERTIES UseEstimates="N" NetworkArchitecture="MLP" DirectConnection="N" Hidden="64" Prelim="N" PreliminaryRuns="5" PrelimMaxiter="10" PrelimMaxTime="1 HOUR" Maxiter="1000" Maxtime="5 MINUTES" TrainingTechnique="DEFAULT" ConvDefaults="Y" AbsConvValue="-1.34078E154" AbsFValue="0" AbsFTime="1" AbsGValue="0.00001" AbsGTime="1" AbsXValue="1E-8" AbsXTime="1" FConvValue="0" FConvTime="1" GConvValue="1E-6" GConvTime="1" ModelSelectionCriterion="MISCLASSIFICATION" SuppressOutput="N" Residuals="Y" Standardizations="N" HiddenUnits="N" TrainCode="" PrelimOutest="" Outest="" Outfit="" InitialDs="" CodefileRes="" CodefileNoRes="" AddHidden="Y" HiddenCombFunction="DEFAULT" HiddenActivation="DEFAULT" HiddenBias="Y" TargetCombFunction="DEFAULT" TargetActivation="DEFAULT" TargetError="DEFAULT" TargetBias="Y" InitialSeed="12345" RandDist="NORMAL" RandScale="0.1" RandLoc="0" InputStandardization="STD" WeightDecay="0" Accelerate="1.2" Decelerate="0.5" Learn="0.1" MaxLearn="50" MinLearn="0.00001" Momentum="0" MaxMomentum="1.75" Tilt="0" ForceRun="N" RunAction="Train" Component="NeuralNetwork">
<VariableProperties/>
<EmTargetAttributes/>
<EmVariableAttributes/>
<EmFileProperties>
<EMNOTES Type="EXTERNAL" Extension="txt">
<Data/>
</EMNOTES>
</EmFileProperties>
</PROPERTIES>
</NODE>
<NODE CLASS="SASHELP.EMMODL.NEURAL.CLASS" COMPONENT="NeuralNetwork" ID="Neural4" X="1259" Y="540" DESCRIPTION="Neural Network 10H (BackwardReg)" DIAGRAMID="_ROOT_" PARENTID="" TOOLTYPE="MODEL" TOOLPREFIX="Neural">
<PROPERTIES UseEstimates="N" NetworkArchitecture="MLP" DirectConnection="N" Hidden="10" Prelim="N" PreliminaryRuns="5" PrelimMaxiter="10" PrelimMaxTime="1 HOUR" Maxiter="1000" Maxtime="5 MINUTES" TrainingTechnique="DEFAULT" ConvDefaults="Y" AbsConvValue="-1.34078E154" AbsFValue="0" AbsFTime="1" AbsGValue="0.00001" AbsGTime="1" AbsXValue="1E-8" AbsXTime="1" FConvValue="0" FConvTime="1" GConvValue="1E-6" GConvTime="1" ModelSelectionCriterion="MISCLASSIFICATION" SuppressOutput="N" Residuals="Y" Standardizations="N" HiddenUnits="N" TrainCode="" PrelimOutest="" Outest="" Outfit="" InitialDs="" CodefileRes="" CodefileNoRes="" AddHidden="Y" HiddenCombFunction="DEFAULT" HiddenActivation="DEFAULT" HiddenBias="Y" TargetCombFunction="DEFAULT" TargetActivation="DEFAULT" TargetError="DEFAULT" TargetBias="Y" InitialSeed="12345" RandDist="NORMAL" RandScale="0.1" RandLoc="0" InputStandardization="STD" WeightDecay="0" Accelerate="1.2" Decelerate="0.5" Learn="0.1" MaxLearn="50" MinLearn="0.00001" Momentum="0" MaxMomentum="1.75" Tilt="0" ForceRun="N" RunAction="Train" Component="NeuralNetwork">
<VariableProperties/>
<EmTargetAttributes/>
<EmVariableAttributes/>
<EmFileProperties>
<EMNOTES Type="EXTERNAL" Extension="txt">
<Data/>
</EMNOTES>
</EmFileProperties>
</PROPERTIES>
</NODE>
<NODE CLASS="SASHELP.EMMODL.NEURAL.CLASS" COMPONENT="NeuralNetwork" ID="Neural5" X="1255" Y="719" DESCRIPTION="Neural Network 10H (HP_Reg)" DIAGRAMID="_ROOT_" PARENTID="" TOOLTYPE="MODEL" TOOLPREFIX="Neural">
<PROPERTIES UseEstimates="N" NetworkArchitecture="MLP" DirectConnection="N" Hidden="10" Prelim="N" PreliminaryRuns="5" PrelimMaxiter="10" PrelimMaxTime="1 HOUR" Maxiter="1000" Maxtime="5 MINUTES" TrainingTechnique="DEFAULT" ConvDefaults="Y" AbsConvValue="-1.34078E154" AbsFValue="0" AbsFTime="1" AbsGValue="0.00001" AbsGTime="1" AbsXValue="1E-8" AbsXTime="1" FConvValue="0" FConvTime="1" GConvValue="1E-6" GConvTime="1" ModelSelectionCriterion="MISCLASSIFICATION" SuppressOutput="N" Residuals="Y" Standardizations="N" HiddenUnits="N" TrainCode="" PrelimOutest="" Outest="" Outfit="" InitialDs="" CodefileRes="" CodefileNoRes="" AddHidden="Y" HiddenCombFunction="DEFAULT" HiddenActivation="DEFAULT" HiddenBias="Y" TargetCombFunction="DEFAULT" TargetActivation="DEFAULT" TargetError="DEFAULT" TargetBias="Y" InitialSeed="12345" RandDist="NORMAL" RandScale="0.1" RandLoc="0" InputStandardization="STD" WeightDecay="0" Accelerate="1.2" Decelerate="0.5" Learn="0.1" MaxLearn="50" MinLearn="0.00001" Momentum="0" MaxMomentum="1.75" Tilt="0" ForceRun="N" RunAction="Train" Component="NeuralNetwork">
<VariableProperties/>
<EmTargetAttributes/>
<EmVariableAttributes/>
<EmFileProperties>
<EMNOTES Type="EXTERNAL" Extension="txt">
<Data/>
</EMNOTES>
</EmFileProperties>
</PROPERTIES>
</NODE>
<NODE CLASS="SASHELP.EMMODL.NEURAL.CLASS" COMPONENT="NeuralNetwork" ID="Neural6" X="1257" Y="601" DESCRIPTION="Neural Network 20H (BackwardReg)" DIAGRAMID="_ROOT_" PARENTID="" TOOLTYPE="MODEL" TOOLPREFIX="Neural">
<PROPERTIES UseEstimates="N" NetworkArchitecture="MLP" DirectConnection="N" Hidden="20" Prelim="N" PreliminaryRuns="5" PrelimMaxiter="10" PrelimMaxTime="1 HOUR" Maxiter="1000" Maxtime="5 MINUTES" TrainingTechnique="DEFAULT" ConvDefaults="Y" AbsConvValue="-1.34078E154" AbsFValue="0" AbsFTime="1" AbsGValue="0.00001" AbsGTime="1" AbsXValue="1E-8" AbsXTime="1" FConvValue="0" FConvTime="1" GConvValue="1E-6" GConvTime="1" ModelSelectionCriterion="MISCLASSIFICATION" SuppressOutput="N" Residuals="Y" Standardizations="N" HiddenUnits="N" TrainCode="" PrelimOutest="" Outest="" Outfit="" InitialDs="" CodefileRes="" CodefileNoRes="" AddHidden="Y" HiddenCombFunction="DEFAULT" HiddenActivation="DEFAULT" HiddenBias="Y" TargetCombFunction="DEFAULT" TargetActivation="DEFAULT" TargetError="DEFAULT" TargetBias="Y" InitialSeed="12345" RandDist="NORMAL" RandScale="0.1" RandLoc="0" InputStandardization="STD" WeightDecay="0" Accelerate="1.2" Decelerate="0.5" Learn="0.1" MaxLearn="50" MinLearn="0.00001" Momentum="0" MaxMomentum="1.75" Tilt="0" ForceRun="N" RunAction="Train" Component="NeuralNetwork">
<VariableProperties/>
<EmTargetAttributes/>
<EmVariableAttributes/>
<EmFileProperties>
<EMNOTES Type="EXTERNAL" Extension="txt">
<Data/>
</EMNOTES>
</EmFileProperties>
</PROPERTIES>
</NODE>
<NODE CLASS="SASHELP.EMMODL.NEURAL.CLASS" COMPONENT="NeuralNetwork" ID="Neural7" X="1259" Y="777" DESCRIPTION="Neural Network 20H (HP_Reg)" DIAGRAMID="_ROOT_" PARENTID="" TOOLTYPE="MODEL" TOOLPREFIX="Neural">
<PROPERTIES UseEstimates="N" NetworkArchitecture="MLP" DirectConnection="N" Hidden="20" Prelim="N" PreliminaryRuns="5" PrelimMaxiter="10" PrelimMaxTime="1 HOUR" Maxiter="1000" Maxtime="5 MINUTES" TrainingTechnique="DEFAULT" ConvDefaults="Y" AbsConvValue="-1.34078E154" AbsFValue="0" AbsFTime="1" AbsGValue="0.00001" AbsGTime="1" AbsXValue="1E-8" AbsXTime="1" FConvValue="0" FConvTime="1" GConvValue="1E-6" GConvTime="1" ModelSelectionCriterion="MISCLASSIFICATION" SuppressOutput="N" Residuals="Y" Standardizations="N" HiddenUnits="N" TrainCode="" PrelimOutest="" Outest="" Outfit="" InitialDs="" CodefileRes="" CodefileNoRes="" AddHidden="Y" HiddenCombFunction="DEFAULT" HiddenActivation="DEFAULT" HiddenBias="Y" TargetCombFunction="DEFAULT" TargetActivation="DEFAULT" TargetError="DEFAULT" TargetBias="Y" InitialSeed="12345" RandDist="NORMAL" RandScale="0.1" RandLoc="0" InputStandardization="STD" WeightDecay="0" Accelerate="1.2" Decelerate="0.5" Learn="0.1" MaxLearn="50" MinLearn="0.00001" Momentum="0" MaxMomentum="1.75" Tilt="0" ForceRun="N" RunAction="Train" Component="NeuralNetwork">
<VariableProperties/>
<EmTargetAttributes/>
<EmVariableAttributes/>
<EmFileProperties>
<EMNOTES Type="EXTERNAL" Extension="txt">
<Data/>
</EMNOTES>
</EmFileProperties>
</PROPERTIES>
</NODE>
<NODE CLASS="SASHELP.EMMODL.NEURAL.CLASS" COMPONENT="NeuralNetwork" ID="Neural8" X="1928" Y="886" DESCRIPTION="Neural Network 64H (BackwardReg)" DIAGRAMID="_ROOT_" PARENTID="" TOOLTYPE="MODEL" TOOLPREFIX="Neural">
<PROPERTIES UseEstimates="N" NetworkArchitecture="MLP" DirectConnection="N" Hidden="64" Prelim="N" PreliminaryRuns="5" PrelimMaxiter="10" PrelimMaxTime="1 HOUR" Maxiter="1000" Maxtime="5 MINUTES" TrainingTechnique="DEFAULT" ConvDefaults="Y" AbsConvValue="-1.34078E154" AbsFValue="0" AbsFTime="1" AbsGValue="0.00001" AbsGTime="1" AbsXValue="1E-8" AbsXTime="1" FConvValue="0" FConvTime="1" GConvValue="1E-6" GConvTime="1" ModelSelectionCriterion="MISCLASSIFICATION" SuppressOutput="N" Residuals="Y" Standardizations="N" HiddenUnits="N" TrainCode="" PrelimOutest="" Outest="" Outfit="" InitialDs="" CodefileRes="" CodefileNoRes="" AddHidden="Y" HiddenCombFunction="DEFAULT" HiddenActivation="DEFAULT" HiddenBias="Y" TargetCombFunction="DEFAULT" TargetActivation="DEFAULT" TargetError="DEFAULT" TargetBias="Y" InitialSeed="12345" RandDist="NORMAL" RandScale="0.1" RandLoc="0" InputStandardization="STD" WeightDecay="0" Accelerate="1.2" Decelerate="0.5" Learn="0.1" MaxLearn="50" MinLearn="0.00001" Momentum="0" MaxMomentum="1.75" Tilt="0" ForceRun="N" RunAction="Train" Component="NeuralNetwork">
<VariableProperties/>
<EmTargetAttributes/>
<EmVariableAttributes/>
<EmFileProperties>
<EMNOTES Type="EXTERNAL" Extension="txt">
<Data/>
</EMNOTES>
</EmFileProperties>
</PROPERTIES>
</NODE>
<NODE CLASS="SASHELP.EMMODL.NEURAL.CLASS" COMPONENT="NeuralNetwork" ID="Neural9" X="1259" Y="841" DESCRIPTION="Neural Network 64H (HP_Reg)" DIAGRAMID="_ROOT_" PARENTID="" TOOLTYPE="MODEL" TOOLPREFIX="Neural">
<PROPERTIES UseEstimates="N" NetworkArchitecture="MLP" DirectConnection="N" Hidden="64" Prelim="N" PreliminaryRuns="5" PrelimMaxiter="10" PrelimMaxTime="1 HOUR" Maxiter="1000" Maxtime="5 MINUTES" TrainingTechnique="DEFAULT" ConvDefaults="Y" AbsConvValue="-1.34078E154" AbsFValue="0" AbsFTime="1" AbsGValue="0.00001" AbsGTime="1" AbsXValue="1E-8" AbsXTime="1" FConvValue="0" FConvTime="1" GConvValue="1E-6" GConvTime="1" ModelSelectionCriterion="MISCLASSIFICATION" SuppressOutput="N" Residuals="Y" Standardizations="N" HiddenUnits="N" TrainCode="" PrelimOutest="" Outest="" Outfit="" InitialDs="" CodefileRes="" CodefileNoRes="" AddHidden="Y" HiddenCombFunction="DEFAULT" HiddenActivation="DEFAULT" HiddenBias="Y" TargetCombFunction="DEFAULT" TargetActivation="DEFAULT" TargetError="DEFAULT" TargetBias="Y" InitialSeed="12345" RandDist="NORMAL" RandScale="0.1" RandLoc="0" InputStandardization="STD" WeightDecay="0" Accelerate="1.2" Decelerate="0.5" Learn="0.1" MaxLearn="50" MinLearn="0.00001" Momentum="0" MaxMomentum="1.75" Tilt="0" ForceRun="N" RunAction="Train" Component="NeuralNetwork">
<VariableProperties/>
<EmTargetAttributes/>
<EmVariableAttributes/>
<EmFileProperties>
<EMNOTES Type="EXTERNAL" Extension="txt">
<Data/>
</EMNOTES>
</EmFileProperties>
</PROPERTIES>
</NODE>
<NODE CLASS="SASHELP.EMSAMP.EMDPART.CLASS" COMPONENT="Partition" ID="Part" X="811" Y="444" DESCRIPTION="Data Partition (70:30)" DIAGRAMID="_ROOT_" PARENTID="" TOOLTYPE="SAMPLE" TOOLPREFIX="Part">
<PROPERTIES Method="DEFAULT" TrainPct="70" ValidatePct="30" TestPct="0" RandomSeed="12345" OutputType="DATA" IntervalDistribution="Y" ClassDistribution="Y" ForceRun="N" RunAction="Train" Component="Partition">
<VariableProperties/>
<EmVariableAttributes/>
<EmTargetAttributes/>
<EmFileProperties>
<EMNOTES Type="EXTERNAL" Extension="txt">
<Data/>
</EMNOTES>
</EmFileProperties>
</PROPERTIES>
</NODE>
<NODE CLASS="SASHELP.EMMODL.REGRESSION.CLASS" COMPONENT="Regression" ID="Reg" X="1004" Y="427" DESCRIPTION="Forward Regression" DIAGRAMID="_ROOT_" PARENTID="" TOOLTYPE="MODEL" TOOLPREFIX="Reg">
<PROPERTIES MainEffect="Y" TwoFactor="N" Polynomial="N" PolynomialDegree="2" Terms="N" Error="LOGISTIC" LinkFunction="LOGIT" SuppressIntercept="N" InputCoding="DEVIATION" MinResourceUse="N" ModelSelection="FORWARD" SelectionCriterion="VMISC" SelectionDefault="Y" Sequential="N" SlEntry="0.05" SlStay="0.05" Start="0" Stop="0" Force="0" Hierarchy="CLASS" Rule="NONE" MaxStep="." StepOutput="N" OptimizationTechnique="DEFAULT" ModelDefaults="Y" MaxIterations="." MaxFunctionCalls="." MaxCPUTime="1 HOUR" ConvDefaults="Y" AbsConvValue="-1.34078E154" AbsFValue="0" AbsFTime="1" AbsGValue="0.00001" AbsGTime="1" AbsXValue="1E-8" AbsXTime="1" FConvValue="0" FConvTimes="1" GConvValue="1E-6" GConvTimes="1" ClParm="N" Covout="N" CovB="N" CorB="N" Simple="N" SuppressOutput="N" Details="N" PrintDesignMatrix="N" SASSPDS="N" Performance="N" ExcludedVariable="REJECT" ForceRun="N" RunAction="Train" Component="Regression" Interactions="">
<VariableProperties/>
<EmVariableAttributes/>
<EmTargetAttributes>
<Heart_Disease>
<DecData Table="EMWS4.Reg_Heart_Disease_DD">
<Data>
<Obs HEART_DISEASE="YES" COUNT="17479" DATAPRIOR="0.5" TRAINPRIOR="0.5" DECPRIOR="." DECISION1="1" DECISION2="0"/>
<Obs HEART_DISEASE="NO" COUNT="17479" DATAPRIOR="0.5" TRAINPRIOR="0.5" DECPRIOR="." DECISION1="0" DECISION2="1"/>
</Data>
<Metadata>
<Variable NAME="Heart_Disease" LABEL="" LENGTH="32" FORMAT="" TYPE="C"/>
<Variable NAME="COUNT" LABEL="Level Counts" LENGTH="8" FORMAT="10." TYPE="N"/>
<Variable NAME="DATAPRIOR" LABEL="Data Proportions" LENGTH="8" FORMAT="" TYPE="N"/>
<Variable NAME="TRAINPRIOR" LABEL="Training Proportions" LENGTH="8" FORMAT="" TYPE="N"/>
<Variable NAME="DECPRIOR" LABEL="Decision Priors" LENGTH="8" FORMAT="" TYPE="N"/>
<Variable NAME="DECISION1" LABEL="YES" LENGTH="8" FORMAT="" TYPE="N"/>
<Variable NAME="DECISION2" LABEL="NO" LENGTH="8" FORMAT="" TYPE="N"/>
</Metadata>
</DecData>
<DecMeta Table="EMWS4.Reg_Heart_Disease_DM">
<Data>
<Obs _TYPE_="MATRIX" VARIABLE="" LABEL="" LEVEL="PROFIT" EVENT="" ORDER="" FORMAT="" TYPE="" COST="" USE="N"/>
<Obs _TYPE_="TARGET" VARIABLE="Heart_Disease" LABEL="" LEVEL="BINARY" EVENT="YES" ORDER="" FORMAT="$3." TYPE="C" COST="" USE=""/>
<Obs _TYPE_="DECISION" VARIABLE="DECISION1" LABEL="YES" LEVEL="" EVENT="" ORDER="" FORMAT="" TYPE="N" COST="" USE="Y"/>
<Obs _TYPE_="DECISION" VARIABLE="DECISION2" LABEL="NO" LEVEL="" EVENT="" ORDER="" FORMAT="" TYPE="N" COST="" USE="Y"/>
<Obs _TYPE_="DATAPRIOR" VARIABLE="DATAPRIOR" LABEL="Data Prior" LEVEL="" EVENT="" ORDER="" FORMAT="" TYPE="N" COST="" USE="N"/>
<Obs _TYPE_="TRAINPRIOR" VARIABLE="TRAINPRIOR" LABEL="Training Prior" LEVEL="" EVENT="" ORDER="" FORMAT="" TYPE="N" COST="" USE="N"/>
<Obs _TYPE_="DECPRIOR" VARIABLE="DECPRIOR" LABEL="Decision Prior" LEVEL="" EVENT="" ORDER="" FORMAT="" TYPE="N" COST="" USE="N"/>
<Obs _TYPE_="PREDICTED" VARIABLE="P_Heart_DiseaseYes" LABEL="Predicted: Heart_Disease=Yes" LEVEL="YES" EVENT="" ORDER="" FORMAT="" TYPE="N" COST="" USE=""/>
<Obs _TYPE_="RESIDUAL" VARIABLE="R_Heart_DiseaseYes" LABEL="Residual: Heart_Disease=Yes" LEVEL="YES" EVENT="" ORDER="" FORMAT="" TYPE="N" COST="" USE=""/>
<Obs _TYPE_="PREDICTED" VARIABLE="P_Heart_DiseaseNo" LABEL="Predicted: Heart_Disease=No" LEVEL="NO" EVENT="" ORDER="" FORMAT="" TYPE="N" COST="" USE=""/>
<Obs _TYPE_="RESIDUAL" VARIABLE="R_Heart_DiseaseNo" LABEL="Residual: Heart_Disease=No" LEVEL="NO" EVENT="" ORDER="" FORMAT="" TYPE="N" COST="" USE=""/>
<Obs _TYPE_="FROM" VARIABLE="F_Heart_Disease" LABEL="From: Heart_Disease" LEVEL="" EVENT="" ORDER="" FORMAT="" TYPE="C" COST="" USE=""/>
<Obs _TYPE_="INTO" VARIABLE="I_Heart_Disease" LABEL="Into: Heart_Disease" LEVEL="" EVENT="" ORDER="" FORMAT="" TYPE="C" COST="" USE=""/>
</Data>
<Metadata>
<Variable NAME="_TYPE_" LABEL="Type" LENGTH="32" FORMAT="" TYPE="C"/>
<Variable NAME="VARIABLE" LABEL="Variable" LENGTH="32" FORMAT="" TYPE="C"/>
<Variable NAME="LABEL" LABEL="Label" LENGTH="256" FORMAT="" TYPE="C"/>
<Variable NAME="LEVEL" LABEL="Measurement Level" LENGTH="32" FORMAT="" TYPE="C"/>
<Variable NAME="EVENT" LABEL="Target Event" LENGTH="32" FORMAT="" TYPE="C"/>
<Variable NAME="ORDER" LABEL="Order" LENGTH="10" FORMAT="" TYPE="C"/>
<Variable NAME="FORMAT" LABEL="Format" LENGTH="32" FORMAT="" TYPE="C"/>
<Variable NAME="TYPE" LABEL="Type" LENGTH="1" FORMAT="" TYPE="C"/>
<Variable NAME="COST" LABEL="Cost" LENGTH="32" FORMAT="" TYPE="C"/>
<Variable NAME="USE" LABEL="Use" LENGTH="1" FORMAT="" TYPE="C"/>
</Metadata>
</DecMeta>
</Heart_Disease>
</EmTargetAttributes>
<EmFileProperties>
<EMNOTES Type="EXTERNAL" Extension="txt">
<Data/>
</EMNOTES>
</EmFileProperties>
</PROPERTIES>
</NODE>
<NODE CLASS="SASHELP.EMMODL.REGRESSION.CLASS" COMPONENT="Regression" ID="Reg2" X="1004" Y="594" DESCRIPTION="Backward Regression" DIAGRAMID="_ROOT_" PARENTID="" TOOLTYPE="MODEL" TOOLPREFIX="Reg">
<PROPERTIES MainEffect="Y" TwoFactor="N" Polynomial="N" PolynomialDegree="2" Terms="N" Error="LOGISTIC" LinkFunction="LOGIT" SuppressIntercept="N" InputCoding="DEVIATION" MinResourceUse="N" ModelSelection="BACKWARD" SelectionCriterion="VMISC" SelectionDefault="Y" Sequential="N" SlEntry="0.05" SlStay="0.05" Start="0" Stop="0" Force="0" Hierarchy="CLASS" Rule="NONE" MaxStep="." StepOutput="N" OptimizationTechnique="DEFAULT" ModelDefaults="Y" MaxIterations="." MaxFunctionCalls="." MaxCPUTime="1 HOUR" ConvDefaults="Y" AbsConvValue="-1.34078E154" AbsFValue="0" AbsFTime="1" AbsGValue="0.00001" AbsGTime="1" AbsXValue="1E-8" AbsXTime="1" FConvValue="0" FConvTimes="1" GConvValue="1E-6" GConvTimes="1" ClParm="N" Covout="N" CovB="N" CorB="N" Simple="N" SuppressOutput="N" Details="N" PrintDesignMatrix="N" SASSPDS="N" Performance="N" ExcludedVariable="REJECT" ForceRun="N" RunAction="Train" Component="Regression" Interactions="">
<VariableProperties/>
<EmVariableAttributes/>
<EmTargetAttributes>
<Heart_Disease>
<DecData Table="EMWS4.Reg2_Heart_Disease_DD">
<Data>
<Obs HEART_DISEASE="YES" COUNT="17479" DATAPRIOR="0.5" TRAINPRIOR="0.5" DECPRIOR="." DECISION1="1" DECISION2="0"/>
<Obs HEART_DISEASE="NO" COUNT="17479" DATAPRIOR="0.5" TRAINPRIOR="0.5" DECPRIOR="." DECISION1="0" DECISION2="1"/>
</Data>
<Metadata>
<Variable NAME="Heart_Disease" LABEL="" LENGTH="32" FORMAT="" TYPE="C"/>
<Variable NAME="COUNT" LABEL="Level Counts" LENGTH="8" FORMAT="10." TYPE="N"/>
<Variable NAME="DATAPRIOR" LABEL="Data Proportions" LENGTH="8" FORMAT="" TYPE="N"/>
<Variable NAME="TRAINPRIOR" LABEL="Training Proportions" LENGTH="8" FORMAT="" TYPE="N"/>
<Variable NAME="DECPRIOR" LABEL="Decision Priors" LENGTH="8" FORMAT="" TYPE="N"/>
<Variable NAME="DECISION1" LABEL="YES" LENGTH="8" FORMAT="" TYPE="N"/>
<Variable NAME="DECISION2" LABEL="NO" LENGTH="8" FORMAT="" TYPE="N"/>
</Metadata>
</DecData>
<DecMeta Table="EMWS4.Reg2_Heart_Disease_DM">
<Data>
<Obs _TYPE_="MATRIX" VARIABLE="" LABEL="" LEVEL="PROFIT" EVENT="" ORDER="" FORMAT="" TYPE="" COST="" USE="N"/>
<Obs _TYPE_="TARGET" VARIABLE="Heart_Disease" LABEL="" LEVEL="BINARY" EVENT="YES" ORDER="" FORMAT="$3." TYPE="C" COST="" USE=""/>
<Obs _TYPE_="DECISION" VARIABLE="DECISION1" LABEL="YES" LEVEL="" EVENT="" ORDER="" FORMAT="" TYPE="N" COST="" USE="Y"/>
<Obs _TYPE_="DECISION" VARIABLE="DECISION2" LABEL="NO" LEVEL="" EVENT="" ORDER="" FORMAT="" TYPE="N" COST="" USE="Y"/>
<Obs _TYPE_="DATAPRIOR" VARIABLE="DATAPRIOR" LABEL="Data Prior" LEVEL="" EVENT="" ORDER="" FORMAT="" TYPE="N" COST="" USE="N"/>
<Obs _TYPE_="TRAINPRIOR" VARIABLE="TRAINPRIOR" LABEL="Training Prior" LEVEL="" EVENT="" ORDER="" FORMAT="" TYPE="N" COST="" USE="N"/>
<Obs _TYPE_="DECPRIOR" VARIABLE="DECPRIOR" LABEL="Decision Prior" LEVEL="" EVENT="" ORDER="" FORMAT="" TYPE="N" COST="" USE="N"/>
<Obs _TYPE_="PREDICTED" VARIABLE="P_Heart_DiseaseYes" LABEL="Predicted: Heart_Disease=Yes" LEVEL="YES" EVENT="" ORDER="" FORMAT="" TYPE="N" COST="" USE=""/>
<Obs _TYPE_="RESIDUAL" VARIABLE="R_Heart_DiseaseYes" LABEL="Residual: Heart_Disease=Yes" LEVEL="YES" EVENT="" ORDER="" FORMAT="" TYPE="N" COST="" USE=""/>
<Obs _TYPE_="PREDICTED" VARIABLE="P_Heart_DiseaseNo" LABEL="Predicted: Heart_Disease=No" LEVEL="NO" EVENT="" ORDER="" FORMAT="" TYPE="N" COST="" USE=""/>
<Obs _TYPE_="RESIDUAL" VARIABLE="R_Heart_DiseaseNo" LABEL="Residual: Heart_Disease=No" LEVEL="NO" EVENT="" ORDER="" FORMAT="" TYPE="N" COST="" USE=""/>
<Obs _TYPE_="FROM" VARIABLE="F_Heart_Disease" LABEL="From: Heart_Disease" LEVEL="" EVENT="" ORDER="" FORMAT="" TYPE="C" COST="" USE=""/>
<Obs _TYPE_="INTO" VARIABLE="I_Heart_Disease" LABEL="Into: Heart_Disease" LEVEL="" EVENT="" ORDER="" FORMAT="" TYPE="C" COST="" USE=""/>
</Data>
<Metadata>
<Variable NAME="_TYPE_" LABEL="Type" LENGTH="32" FORMAT="" TYPE="C"/>
<Variable NAME="VARIABLE" LABEL="Variable" LENGTH="32" FORMAT="" TYPE="C"/>
<Variable NAME="LABEL" LABEL="Label" LENGTH="256" FORMAT="" TYPE="C"/>
<Variable NAME="LEVEL" LABEL="Measurement Level" LENGTH="32" FORMAT="" TYPE="C"/>
<Variable NAME="EVENT" LABEL="Target Event" LENGTH="32" FORMAT="" TYPE="C"/>
<Variable NAME="ORDER" LABEL="Order" LENGTH="10" FORMAT="" TYPE="C"/>
<Variable NAME="FORMAT" LABEL="Format" LENGTH="32" FORMAT="" TYPE="C"/>
<Variable NAME="TYPE" LABEL="Type" LENGTH="1" FORMAT="" TYPE="C"/>
<Variable NAME="COST" LABEL="Cost" LENGTH="32" FORMAT="" TYPE="C"/>
<Variable NAME="USE" LABEL="Use" LENGTH="1" FORMAT="" TYPE="C"/>
</Metadata>
</DecMeta>
</Heart_Disease>
</EmTargetAttributes>
<EmFileProperties>
<EMNOTES Type="EXTERNAL" Extension="txt">
<Data/>
</EMNOTES>
</EmFileProperties>
</PROPERTIES>
</NODE>
<NODE CLASS="SASHELP.EMCORE.EXTENSION.CLASS" COMPONENT="Replace" ID="Repl" X="818" Y="102" DESCRIPTION="Replacement" DIAGRAMID="_ROOT_" PARENTID="" TOOLTYPE="MODIFY" TOOLPREFIX="Repl">
<PROPERTIES Location="CATALOG" Catalog="SASHELP.EMMDFY.REPLACE.SOURCE" HideVariable="N" UnknownLevel="NONE" ReplaceMethod="COMPUTED" CalcMethod="STDDEV" MADSCutoff="9.0" SpacingsCutoff="9.0" StddevCutoff="3.0" PercentsCutoff="0.5" CountReport="Y" ForceRun="N" RunAction="Train" Component="Replace" IntervalMethod="NONE" DataNeeded="Y">
<VariableProperties/>
<EmVariableAttributes>
<DELTA Variable="BMI" AttributeName="INTERVALMIN" AttributeValue="15"/>
<DELTA Variable="BMI" AttributeName="INTERVALMAX" AttributeValue="40"/>
<DELTA Variable="Weight__kg_" AttributeName="INTERVALMIN" AttributeValue="35"/>
<DELTA Variable="Weight__kg_" AttributeName="INTERVALMAX" AttributeValue="125"/>
</EmVariableAttributes>
<EmTargetAttributes/>
<EmFileProperties>
<USERTRAINCODE Type="EXTERNAL" Extension="sas">
<Data/>
</USERTRAINCODE>
<NEWVALUES Type="DATA">
<Data>
<Obs NAME="Age_Category" LEVEL="_UNKNOWN_" TYPE="C" REPLACE_VALUE="_DEFAULT_"/>
<Obs NAME="Alcohol_Consumption" LEVEL="_UNKNOWN_" TYPE="N" REPLACE_VALUE="_DEFAULT_"/>
<Obs NAME="Arthritis" LEVEL="_UNKNOWN_" TYPE="C" REPLACE_VALUE="_DEFAULT_"/>
<Obs NAME="Checkup" LEVEL="_UNKNOWN_" TYPE="C" REPLACE_VALUE="_DEFAULT_"/>
<Obs NAME="Depression" LEVEL="_UNKNOWN_" TYPE="C" REPLACE_VALUE="_DEFAULT_"/>
<Obs NAME="Diabetes" LEVEL="_UNKNOWN_" TYPE="C" REPLACE_VALUE="_DEFAULT_"/>
<Obs NAME="Exercise" LEVEL="_UNKNOWN_" TYPE="C" REPLACE_VALUE="_DEFAULT_"/>
<Obs NAME="FriedPotato_Consumption" LEVEL="_UNKNOWN_" TYPE="N" REPLACE_VALUE="_DEFAULT_"/>
<Obs NAME="Fruit_Consumption" LEVEL="_UNKNOWN_" TYPE="N" REPLACE_VALUE="_DEFAULT_"/>
<Obs NAME="General_Health" LEVEL="_UNKNOWN_" TYPE="C" REPLACE_VALUE="_DEFAULT_"/>
<Obs NAME="Green_Vegetables_Consumption" LEVEL="_UNKNOWN_" TYPE="N" REPLACE_VALUE="_DEFAULT_"/>
<Obs NAME="Heart_Disease" LEVEL="_UNKNOWN_" TYPE="C" REPLACE_VALUE="_DEFAULT_"/>
<Obs NAME="Other_Cancer" LEVEL="_UNKNOWN_" TYPE="C" REPLACE_VALUE="_DEFAULT_"/>
<Obs NAME="Sex" LEVEL="_UNKNOWN_" TYPE="C" REPLACE_VALUE="_DEFAULT_"/>
<Obs NAME="Smoking_History" LEVEL="_UNKNOWN_" TYPE="C" REPLACE_VALUE="_DEFAULT_"/>
</Data>
<Metadata>
<Variable NAME="Name" LABEL="Variable" LENGTH="32" FORMAT="" TYPE="C"/>
<Variable NAME="LEVEL" LABEL="Formatted Value" LENGTH="44" FORMAT="" TYPE="C"/>
<Variable NAME="TYPE" LABEL="Type" LENGTH="1" FORMAT="" TYPE="C"/>
<Variable NAME="REPLACE_VALUE" LABEL="Replacement Value" LENGTH="200" FORMAT="" TYPE="C"/>
</Metadata>
</NEWVALUES>
<EMNOTES Type="EXTERNAL" Extension="txt">
<Data/>
</EMNOTES>
</EmFileProperties>
</PROPERTIES>
</NODE>
<NODE CLASS="SASHELP.EMSAMP.SAMPLING.CLASS" COMPONENT="Sample" ID="Smpl" X="820" Y="224" DESCRIPTION="Sample" DIAGRAMID="_ROOT_" PARENTID="" TOOLTYPE="SAMPLE" TOOLPREFIX="Smpl">
<PROPERTIES Method="DEFAULT" SizeType="PERCENT" SizePercent="100" SizeObs="." RandomSeed="12345" Alpha="0.01" Pvalue="0.01" AdjustFreq="N" FreqMiss="N" FreqCount="N" StratifyCriterion="EQUAL" MinStrataSize="5" IgnoreSmallStrata="N" ClusterMethod="RANDOM" LevelProportion="100" LevelSampleProportion="50" LevelSelection="EVENT" OutputType="DATA" IntervalDistribution="Y" ClassDistribution="Y" ForceRun="N" RunAction="Train" Component="Sample">
<VariableProperties/>
<EmVariableAttributes/>
<EmTargetAttributes/>
<EmFileProperties>
<EMNOTES Type="EXTERNAL" Extension="txt">
<Data/>
</EMNOTES>
</EmFileProperties>
</PROPERTIES>
</NODE>
<NODE CLASS="SASHELP.EMEXPL.STATEXPLORE.CLASS" COMPONENT="StatExplore" ID="Stat" X="597" Y="248" DESCRIPTION="StatExplore" DIAGRAMID="_ROOT_" PARENTID="" TOOLTYPE="EXPLORE" TOOLPREFIX="Stat">
<PROPERTIES BySegment="N" Correlation="Y" Spearman="N" Pearson="Y" ChiSquare="Y" ChiSquareInterval="N" ChiSquareIntervalNBins="5" MaximumVars="1000" HideVariable="Y" DropRejected="Y" UseValidate="N" UseTest="N" UseScore="N" NObs="ALL" IntervalDistribution="Y" ClassDistribution="Y" LevelSummary="Y" ForceRun="N" RunAction="Train" Component="StatExplore">
<VariableProperties/>
<EmVariableAttributes/>
<EmTargetAttributes/>
<EmFileProperties>
<CROSSTAB Type="DATA">
<Data/>
<Metadata/>
</CROSSTAB>
<EMNOTES Type="EXTERNAL" Extension="txt">
<Data/>
</EMNOTES>
</EmFileProperties>
</PROPERTIES>
</NODE>
<NODE CLASS="SASHELP.EMEXPL.STATEXPLORE.CLASS" COMPONENT="StatExplore" ID="Stat2" X="1018" Y="103" DESCRIPTION="StatExplore (2)" DIAGRAMID="_ROOT_" PARENTID="" TOOLTYPE="EXPLORE" TOOLPREFIX="Stat">
<PROPERTIES BySegment="N" Correlation="Y" Spearman="N" Pearson="Y" ChiSquare="Y" ChiSquareInterval="N" ChiSquareIntervalNBins="5" MaximumVars="1000" HideVariable="Y" DropRejected="Y" UseValidate="N" UseTest="N" UseScore="N" NObs="ALL" IntervalDistribution="Y" ClassDistribution="Y" LevelSummary="Y" ForceRun="N" RunAction="Train" Component="StatExplore">
<VariableProperties/>
<EmVariableAttributes/>
<EmTargetAttributes/>
<EmFileProperties>
<CROSSTAB Type="DATA">
<Data/>
<Metadata/>
</CROSSTAB>
<EMNOTES Type="EXTERNAL" Extension="txt">
<Data/>
</EMNOTES>
</EmFileProperties>
</PROPERTIES>
</NODE>
<NODE CLASS="SASHELP.EMEXPL.STATEXPLORE.CLASS" COMPONENT="StatExplore" ID="Stat3" X="1018" Y="159" DESCRIPTION="StatExplore (3)" DIAGRAMID="_ROOT_" PARENTID="" TOOLTYPE="EXPLORE" TOOLPREFIX="Stat">
<PROPERTIES BySegment="N" Correlation="Y" Spearman="N" Pearson="Y" ChiSquare="Y" ChiSquareInterval="N" ChiSquareIntervalNBins="5" MaximumVars="1000" HideVariable="Y" DropRejected="Y" UseValidate="N" UseTest="N" UseScore="N" NObs="ALL" IntervalDistribution="Y" ClassDistribution="Y" LevelSummary="Y" ForceRun="N" RunAction="Train" Component="StatExplore">
<VariableProperties/>
<EmVariableAttributes/>
<EmTargetAttributes/>
<EmFileProperties>
<CROSSTAB Type="DATA">
<Data/>
<Metadata/>
</CROSSTAB>
<EMNOTES Type="EXTERNAL" Extension="txt">
<Data/>
</EMNOTES>
</EmFileProperties>
</PROPERTIES>
</NODE>
<NODE CLASS="SASHELP.EMEXPL.STATEXPLORE.CLASS" COMPONENT="StatExplore" ID="Stat4" X="625" Y="485" DESCRIPTION="StatExplore (4)" DIAGRAMID="_ROOT_" PARENTID="" TOOLTYPE="EXPLORE" TOOLPREFIX="Stat">
<PROPERTIES BySegment="N" Correlation="Y" Spearman="N" Pearson="Y" ChiSquare="Y" ChiSquareInterval="N" ChiSquareIntervalNBins="5" MaximumVars="1000" HideVariable="Y" DropRejected="Y" UseValidate="N" UseTest="N" UseScore="N" NObs="ALL" IntervalDistribution="Y" ClassDistribution="Y" LevelSummary="Y" ForceRun="N" RunAction="Train" Component="StatExplore">
<VariableProperties/>
<EmVariableAttributes/>
<EmTargetAttributes/>
<EmFileProperties>
<CROSSTAB Type="DATA">
<Data/>
<Metadata/>
</CROSSTAB>
<EMNOTES Type="EXTERNAL" Extension="txt">
<Data/>
</EMNOTES>
</EmFileProperties>
</PROPERTIES>
</NODE>
<NODE CLASS="SASHELP.EMCORE.EXTENSION.CLASS" COMPONENT="DecisionTree" ID="Tree" X="2248" Y="886" DESCRIPTION="Decision Tree" DIAGRAMID="_ROOT_" PARENTID="" TOOLTYPE="MODEL" TOOLPREFIX="Tree">
<PROPERTIES Location="CATALOG" Catalog="SASHELP.EMMODL.TREE.SOURCE" ToolType="MODEL" TrainMode="BATCH" ImportModel="N" Freeze="N" UseMultipleTarget="N" Precision="4" IntervalCriterion="PROBF" NominalCriterion="PROBCHISQ" OrdinalCriterion="ENTROPY" SigLevel="0.2" Splitsize="." LeafSize="5" MinCatSize="5" Maxbranch="2" Maxdepth="6" Nrules="5" Nsurrs="0" MissingValue="USEINSEARCH" UseVarOnce="N" SplitPrecision="4" Subtree="ASSESSMENT" NSubtree="1" AssessMeasure="PROFIT/LOSS" AssessPercentage="0.25" NodeSample="20000" Exhaustive="5000" Kass="Y" KassApply="BEFORE" Depth="Y" Inputs="N" NumInputs="1" VarSelection="Y" Leafid="Y" NodeRole="SEGMENT" Performance="DISK" CV="N" CVNIter="10" CVRepeat="1" CVSeed="12345" ObsImportance="N" NumSingleImp="5" UseDecision="N" UsePriors="N" ClassColorBy="PERCENTCORRECT" IntColorBy="AVG" ShowNodeId="Y" ShowValid="Y" Pred="N" Target="ALL" Count="Y" ProfitLoss="NONE" PercentCorrect="N" AVG="Y" RASE="N" CreateSample="DEFAULT" SampleMethod="RANDOM" SampleSize="10000" SampleSeed="12345" ForceRun="N" RunAction="Train" Component="DecisionTree" Criterion="DEFAULT" Dummy="N" Predict="Y" ImportedTreeData="">
<VariableProperties/>
<EmVariableAttributes/>
<EmTargetAttributes>
<U_Heart_Disease>
<DecData Table="EMWS4.Tree_U_Heart_Disease_DD">
<Data>
<Obs U_HEART_DISEASE="YES" COUNT="19371" DATAPRIOR="0.5541220894" TRAINPRIOR="0.5541220894" DECPRIOR="." DECISION1="1" DECISION2="0"/>
<Obs U_HEART_DISEASE="NO" COUNT="15587" DATAPRIOR="0.4458779106" TRAINPRIOR="0.4458779106" DECPRIOR="." DECISION1="0" DECISION2="1"/>
</Data>
<Metadata>
<Variable NAME="U_Heart_Disease" LABEL="" LENGTH="32" FORMAT="" TYPE="C"/>
<Variable NAME="COUNT" LABEL="Level Counts" LENGTH="8" FORMAT="10." TYPE="N"/>
<Variable NAME="DATAPRIOR" LABEL="Data Proportions" LENGTH="8" FORMAT="" TYPE="N"/>
<Variable NAME="TRAINPRIOR" LABEL="Training Proportions" LENGTH="8" FORMAT="" TYPE="N"/>
<Variable NAME="DECPRIOR" LABEL="Decision Priors" LENGTH="8" FORMAT="" TYPE="N"/>
<Variable NAME="DECISION1" LABEL="YES" LENGTH="8" FORMAT="" TYPE="N"/>
<Variable NAME="DECISION2" LABEL="NO" LENGTH="8" FORMAT="" TYPE="N"/>
</Metadata>
</DecData>
<DecMeta Table="EMWS4.Tree_U_Heart_Disease_DM">
<Data>
<Obs _TYPE_="MATRIX" VARIABLE="" LABEL="" LEVEL="PROFIT" EVENT="" ORDER="" FORMAT="" TYPE="" COST="" USE="N"/>
<Obs _TYPE_="TARGET" VARIABLE="U_Heart_Disease" LABEL="Unnormalized Into: Heart_Disease" LEVEL="NOMINAL" EVENT="YES" ORDER="" FORMAT="$3." TYPE="C" COST="" USE=""/>
<Obs _TYPE_="DECISION" VARIABLE="DECISION1" LABEL="YES" LEVEL="" EVENT="" ORDER="" FORMAT="" TYPE="N" COST="" USE="Y"/>
<Obs _TYPE_="DECISION" VARIABLE="DECISION2" LABEL="NO" LEVEL="" EVENT="" ORDER="" FORMAT="" TYPE="N" COST="" USE="Y"/>
<Obs _TYPE_="DATAPRIOR" VARIABLE="DATAPRIOR" LABEL="Data Prior" LEVEL="" EVENT="" ORDER="" FORMAT="" TYPE="N" COST="" USE="N"/>
<Obs _TYPE_="TRAINPRIOR" VARIABLE="TRAINPRIOR" LABEL="Training Prior" LEVEL="" EVENT="" ORDER="" FORMAT="" TYPE="N" COST="" USE="N"/>
<Obs _TYPE_="DECPRIOR" VARIABLE="DECPRIOR" LABEL="Decision Prior" LEVEL="" EVENT="" ORDER="" FORMAT="" TYPE="N" COST="" USE="N"/>
<Obs _TYPE_="PREDICTED" VARIABLE="P_U_Heart_DiseaseYes" LABEL="Predicted: U_Heart_Disease=Yes" LEVEL="YES" EVENT="" ORDER="" FORMAT="" TYPE="N" COST="" USE=""/>
<Obs _TYPE_="RESIDUAL" VARIABLE="R_U_Heart_DiseaseYes" LABEL="Residual: U_Heart_Disease=Yes" LEVEL="YES" EVENT="" ORDER="" FORMAT="" TYPE="N" COST="" USE=""/>
<Obs _TYPE_="PREDICTED" VARIABLE="P_U_Heart_DiseaseNo" LABEL="Predicted: U_Heart_Disease=No" LEVEL="NO" EVENT="" ORDER="" FORMAT="" TYPE="N" COST="" USE=""/>
<Obs _TYPE_="RESIDUAL" VARIABLE="R_U_Heart_DiseaseNo" LABEL="Residual: U_Heart_Disease=No" LEVEL="NO" EVENT="" ORDER="" FORMAT="" TYPE="N" COST="" USE=""/>
<Obs _TYPE_="FROM" VARIABLE="F_U_Heart_Disease" LABEL="From: U_Heart_Disease" LEVEL="" EVENT="" ORDER="" FORMAT="" TYPE="C" COST="" USE=""/>
<Obs _TYPE_="INTO" VARIABLE="I_U_Heart_Disease" LABEL="Into: U_Heart_Disease" LEVEL="" EVENT="" ORDER="" FORMAT="" TYPE="C" COST="" USE=""/>
</Data>
<Metadata>
<Variable NAME="_TYPE_" LABEL="Type" LENGTH="32" FORMAT="" TYPE="C"/>
<Variable NAME="VARIABLE" LABEL="Variable" LENGTH="32" FORMAT="" TYPE="C"/>
<Variable NAME="LABEL" LABEL="Label" LENGTH="256" FORMAT="" TYPE="C"/>
<Variable NAME="LEVEL" LABEL="Measurement Level" LENGTH="32" FORMAT="" TYPE="C"/>
<Variable NAME="EVENT" LABEL="Target Event" LENGTH="32" FORMAT="" TYPE="C"/>
<Variable NAME="ORDER" LABEL="Order" LENGTH="10" FORMAT="" TYPE="C"/>
<Variable NAME="FORMAT" LABEL="Format" LENGTH="32" FORMAT="" TYPE="C"/>
<Variable NAME="TYPE" LABEL="Type" LENGTH="1" FORMAT="" TYPE="C"/>
<Variable NAME="COST" LABEL="Cost" LENGTH="32" FORMAT="" TYPE="C"/>
<Variable NAME="USE" LABEL="Use" LENGTH="1" FORMAT="" TYPE="C"/>
</Metadata>
</DecMeta>
</U_Heart_Disease>
</EmTargetAttributes>
<EmFileProperties>
<USERTRAINCODE Type="EXTERNAL" Extension="sas">
<Data/>
</USERTRAINCODE>
<EMNOTES Type="EXTERNAL" Extension="txt">
<Data/>
</EMNOTES>
</EmFileProperties>
</PROPERTIES>
</NODE>
<NODE CLASS="SASHELP.EMEXPL.VARSELECTION.CLASS" COMPONENT="VariableSelection" ID="Varsel" X="1001" Y="964" DESCRIPTION="Variable Selection" DIAGRAMID="_ROOT_" PARENTID="" TOOLTYPE="EXPLORE" TOOLPREFIX="Varsel">
<PROPERTIES TargetModel="DEFAULT" HideRejectedVars="Y" MaxMissingPercent="50" MaxLevel="100" RejectUnusedInputVars="Y" ByPassVars="NONE" ByPassVarsRole="INPUT" HideUnusedInputVars="Y" UseAov16="N" UseInteractions="N" UseGroups="Y" MinR2="0.005" StopR2="0.0005" MaxRows="3000" Passes="6" ChiSquare="3.84" Bins="50" SASSPDS="Y" PrintOption="DEFAULT" ForceRun="N" RunAction="Train" Component="VariableSelection" VarselLabel="VARSELLABEL" RoleUnusedVars="DEFAULT">
<VariableProperties/>
<ManualSelectionVariables/>
<NameMappings/>
<EmVariableAttributes/>
<EmTargetAttributes>
<Heart_Disease>
<DecData Table="EMWS4.Varsel_Heart_Disease_DD">
<Data>
<Obs HEART_DISEASE="YES" COUNT="17479" DATAPRIOR="0.5" TRAINPRIOR="0.5" DECPRIOR="." DECISION1="1" DECISION2="0"/>
<Obs HEART_DISEASE="NO" COUNT="17479" DATAPRIOR="0.5" TRAINPRIOR="0.5" DECPRIOR="." DECISION1="0" DECISION2="1"/>
</Data>
<Metadata>
<Variable NAME="Heart_Disease" LABEL="" LENGTH="32" FORMAT="" TYPE="C"/>
<Variable NAME="COUNT" LABEL="Level Counts" LENGTH="8" FORMAT="10." TYPE="N"/>
<Variable NAME="DATAPRIOR" LABEL="Data Proportions" LENGTH="8" FORMAT="" TYPE="N"/>
<Variable NAME="TRAINPRIOR" LABEL="Training Proportions" LENGTH="8" FORMAT="" TYPE="N"/>
<Variable NAME="DECPRIOR" LABEL="Decision Priors" LENGTH="8" FORMAT="" TYPE="N"/>
<Variable NAME="DECISION1" LABEL="YES" LENGTH="8" FORMAT="" TYPE="N"/>
<Variable NAME="DECISION2" LABEL="NO" LENGTH="8" FORMAT="" TYPE="N"/>
</Metadata>
</DecData>
<DecMeta Table="EMWS4.Varsel_Heart_Disease_DM">
<Data>
<Obs _TYPE_="MATRIX" VARIABLE="" LABEL="" LEVEL="PROFIT" EVENT="" ORDER="" FORMAT="" TYPE="" COST="" USE="N"/>
<Obs _TYPE_="TARGET" VARIABLE="Heart_Disease" LABEL="" LEVEL="BINARY" EVENT="YES" ORDER="" FORMAT="$3." TYPE="C" COST="" USE=""/>
<Obs _TYPE_="DECISION" VARIABLE="DECISION1" LABEL="YES" LEVEL="" EVENT="" ORDER="" FORMAT="" TYPE="N" COST="" USE="Y"/>
<Obs _TYPE_="DECISION" VARIABLE="DECISION2" LABEL="NO" LEVEL="" EVENT="" ORDER="" FORMAT="" TYPE="N" COST="" USE="Y"/>
<Obs _TYPE_="DATAPRIOR" VARIABLE="DATAPRIOR" LABEL="Data Prior" LEVEL="" EVENT="" ORDER="" FORMAT="" TYPE="N" COST="" USE="N"/>
<Obs _TYPE_="TRAINPRIOR" VARIABLE="TRAINPRIOR" LABEL="Training Prior" LEVEL="" EVENT="" ORDER="" FORMAT="" TYPE="N" COST="" USE="N"/>
<Obs _TYPE_="DECPRIOR" VARIABLE="DECPRIOR" LABEL="Decision Prior" LEVEL="" EVENT="" ORDER="" FORMAT="" TYPE="N" COST="" USE="N"/>
<Obs _TYPE_="PREDICTED" VARIABLE="P_Heart_DiseaseYes" LABEL="Predicted: Heart_Disease=Yes" LEVEL="YES" EVENT="" ORDER="" FORMAT="" TYPE="N" COST="" USE=""/>
<Obs _TYPE_="RESIDUAL" VARIABLE="R_Heart_DiseaseYes" LABEL="Residual: Heart_Disease=Yes" LEVEL="YES" EVENT="" ORDER="" FORMAT="" TYPE="N" COST="" USE=""/>
<Obs _TYPE_="PREDICTED" VARIABLE="P_Heart_DiseaseNo" LABEL="Predicted: Heart_Disease=No" LEVEL="NO" EVENT="" ORDER="" FORMAT="" TYPE="N" COST="" USE=""/>
<Obs _TYPE_="RESIDUAL" VARIABLE="R_Heart_DiseaseNo" LABEL="Residual: Heart_Disease=No" LEVEL="NO" EVENT="" ORDER="" FORMAT="" TYPE="N" COST="" USE=""/>
<Obs _TYPE_="FROM" VARIABLE="F_Heart_Disease" LABEL="From: Heart_Disease" LEVEL="" EVENT="" ORDER="" FORMAT="" TYPE="C" COST="" USE=""/>
<Obs _TYPE_="INTO" VARIABLE="I_Heart_Disease" LABEL="Into: Heart_Disease" LEVEL="" EVENT="" ORDER="" FORMAT="" TYPE="C" COST="" USE=""/>
</Data>
<Metadata>
<Variable NAME="_TYPE_" LABEL="Type" LENGTH="32" FORMAT="" TYPE="C"/>
<Variable NAME="VARIABLE" LABEL="Variable" LENGTH="32" FORMAT="" TYPE="C"/>
<Variable NAME="LABEL" LABEL="Label" LENGTH="256" FORMAT="" TYPE="C"/>
<Variable NAME="LEVEL" LABEL="Measurement Level" LENGTH="32" FORMAT="" TYPE="C"/>
<Variable NAME="EVENT" LABEL="Target Event" LENGTH="32" FORMAT="" TYPE="C"/>
<Variable NAME="ORDER" LABEL="Order" LENGTH="10" FORMAT="" TYPE="C"/>
<Variable NAME="FORMAT" LABEL="Format" LENGTH="32" FORMAT="" TYPE="C"/>
<Variable NAME="TYPE" LABEL="Type" LENGTH="1" FORMAT="" TYPE="C"/>
<Variable NAME="COST" LABEL="Cost" LENGTH="32" FORMAT="" TYPE="C"/>
<Variable NAME="USE" LABEL="Use" LENGTH="1" FORMAT="" TYPE="C"/>
</Metadata>
</DecMeta>
</Heart_Disease>
</EmTargetAttributes>
<EmFileProperties>
<EMNOTES Type="EXTERNAL" Extension="txt">
<Data/>
</EMNOTES>
</EmFileProperties>
</PROPERTIES>
</NODE>
</NODES>
<CONNECTIONS>
<CONNECTION FROM="FIMPORT" TO="Stat"/>
<CONNECTION FROM="FIMPORT" TO="GrfExpl"/>
<CONNECTION FROM="Stat" TO="Repl"/>
<CONNECTION FROM="Repl" TO="Drop"/>
<CONNECTION FROM="Repl" TO="Stat2"/>
<CONNECTION FROM="Drop" TO="Smpl"/>
<CONNECTION FROM="Drop" TO="Stat3"/>
<CONNECTION FROM="Smpl" TO="Part"/>
<CONNECTION FROM="Part" TO="HPReg"/>
<CONNECTION FROM="Part" TO="Reg2"/>
<CONNECTION FROM="Part" TO="Reg"/>
<CONNECTION FROM="Part" TO="Varsel"/>
<CONNECTION FROM="Part" TO="Stat4"/>
<CONNECTION FROM="Varsel" TO="Neural10"/>
<CONNECTION FROM="Varsel" TO="Neural11"/>
<CONNECTION FROM="Varsel" TO="Neural12"/>
<CONNECTION FROM="Varsel" TO="HPNNA10"/>
<CONNECTION FROM="Varsel" TO="HPNNA11"/>
<CONNECTION FROM="Reg" TO="Neural3"/>
<CONNECTION FROM="Reg" TO="Neural2"/>
<CONNECTION FROM="Reg" TO="Neural"/>
<CONNECTION FROM="Reg" TO="HPNNA2"/>
<CONNECTION FROM="Reg" TO="HPNNA"/>
<CONNECTION FROM="Reg2" TO="Neural8"/>
<CONNECTION FROM="Reg2" TO="Neural6"/>
<CONNECTION FROM="Reg2" TO="Neural4"/>
<CONNECTION FROM="Reg2" TO="HPNNA4"/>
<CONNECTION FROM="Reg2" TO="HPNNA5"/>
<CONNECTION FROM="HPReg" TO="Neural9"/>
<CONNECTION FROM="HPReg" TO="Neural7"/>
<CONNECTION FROM="HPReg" TO="Neural5"/>
<CONNECTION FROM="HPReg" TO="HPNNA7"/>
<CONNECTION FROM="HPReg" TO="HPNNA8"/>
<CONNECTION FROM="HPNNA8" TO="MdlComp2"/>
<CONNECTION FROM="HPNNA7" TO="MdlComp2"/>
<CONNECTION FROM="Neural5" TO="MdlComp"/>
<CONNECTION FROM="Neural7" TO="MdlComp"/>
<CONNECTION FROM="Neural9" TO="MdlComp"/>
<CONNECTION FROM="HPNNA5" TO="MdlComp2"/>
<CONNECTION FROM="HPNNA4" TO="MdlComp2"/>
<CONNECTION FROM="Neural4" TO="MdlComp"/>
<CONNECTION FROM="Neural6" TO="MdlComp"/>
<CONNECTION FROM="Neural8" TO="Meta"/>
<CONNECTION FROM="Neural8" TO="MdlComp"/>
<CONNECTION FROM="HPNNA" TO="MdlComp2"/>
<CONNECTION FROM="HPNNA2" TO="MdlComp2"/>
<CONNECTION FROM="Neural" TO="MdlComp"/>
<CONNECTION FROM="Neural2" TO="MdlComp"/>
<CONNECTION FROM="Neural3" TO="MdlComp"/>
<CONNECTION FROM="HPNNA11" TO="MdlComp2"/>
<CONNECTION FROM="HPNNA10" TO="MdlComp2"/>
<CONNECTION FROM="Neural12" TO="MdlComp"/>
<CONNECTION FROM="Neural11" TO="MdlComp"/>
<CONNECTION FROM="Neural10" TO="MdlComp"/>
<CONNECTION FROM="MdlComp" TO="MdlComp2"/>
<CONNECTION FROM="Meta" TO="Tree"/>
</CONNECTIONS>
<NOTES>
<DATA><![CDATA[

]]>
</DATA>
</NOTES>
</Workspace>
</_ROOT_>
